# Blender 4.5.3 LTS
# www.blender.org
mtllib Shallo_early_v05.mtl
o Base
v 0.064761 1.715358 0.103711
v 0.062837 1.679600 -0.066171
v 0.076091 1.840658 -0.056726
v 0.000000 1.665836 -0.086597
v 0.000000 1.860933 -0.094090
v 0.074615 1.701886 0.000603
v 0.000000 1.714454 0.133511
v 0.000000 1.641500 -0.087649
v 0.047371 1.660392 0.039523
v 0.000000 1.643097 0.050699
v 0.054179 1.653092 -0.058838
v 0.000000 1.691876 -0.094022
v 0.068647 1.670826 0.050418
v 0.101722 1.038576 0.104262
v 0.103028 1.568575 0.082400
v 0.113438 1.052264 -0.072085
v 0.101749 1.586566 -0.099196
v 0.000000 1.051658 -0.116746
v 0.000000 1.574185 -0.120683
v -0.000089 0.958651 0.101384
v 0.000000 1.524364 0.100967
v 0.138107 1.095850 0.016931
v 0.154867 1.600431 -0.005465
v 0.000000 0.867650 0.078226
v 0.130846 1.411635 -0.104500
v 0.099479 1.148197 -0.081538
v 0.132473 1.395633 0.084644
v 0.086509 1.132998 0.100126
v 0.000000 1.393942 0.106287
v 0.000000 1.135630 0.117378
v 0.000235 1.406924 -0.125559
v 0.000000 1.150721 -0.099538
v 0.170374 1.414911 0.008032
v 0.133921 1.147518 -0.000189
v 0.037812 1.606635 0.026525
v 0.061894 0.873790 0.081519
v 0.094632 0.906032 -0.084875
v 0.000000 0.954411 -0.108363
v 0.030692 0.849522 -0.009583
v 0.000000 0.832869 -0.001584
v 0.000000 1.602535 0.040068
v 0.056393 1.618032 -0.003345
v 0.000000 1.615957 -0.068789
v 0.040794 1.615019 -0.042280
v 0.142340 0.745325 0.087770
v 0.166912 0.748123 -0.072018
v 0.186420 0.743593 0.016143
v 0.051577 0.768693 0.086547
v 0.084059 0.754502 -0.088551
v 0.020976 0.774167 -0.010931
v 0.117157 1.502120 -0.098617
v 0.116209 1.460299 0.101575
v 0.000000 1.456589 0.121573
v 0.000000 1.477935 -0.125535
v 0.156368 1.511868 0.044638
v 0.229691 1.573593 -0.087375
v 0.215088 1.600959 -0.016906
v 0.225832 1.505701 -0.117690
v 0.217399 1.463634 -0.078111
v 0.213690 1.537980 0.028592
v 0.209775 1.471099 -0.004015
v 0.130609 0.055533 -0.027957
v 0.116642 0.063682 -0.077064
v 0.129662 0.056122 -0.052486
v 0.079924 0.053927 -0.026116
v 0.088391 0.065077 -0.072806
v 0.077948 0.058239 -0.051493
v 0.087131 0.530206 -0.065091
v 0.040076 0.525620 -0.006066
v 0.062362 0.521944 0.065472
v 0.167586 0.522200 0.011743
v 0.146616 0.525525 -0.052957
v 0.129569 0.524500 0.068856
v 0.033492 0.576519 -0.008753
v 0.057015 0.572771 0.072703
v 0.154558 0.566067 -0.059497
v 0.131262 0.566746 0.073278
v 0.087311 0.573526 -0.074060
v 0.177146 0.562677 0.014172
v 0.091181 0.402364 -0.090448
v 0.156758 0.376930 -0.030521
v 0.058934 0.387803 -0.033267
v 0.076094 0.367805 0.017707
v 0.139598 0.396928 -0.081494
v 0.125500 0.362368 0.011499
v 0.862009 1.514903 0.025532
v 0.852568 1.506868 0.048788
v 0.866938 1.492490 0.009612
v 0.862862 1.468429 0.016948
v 0.848493 1.482808 0.056125
v 0.853640 1.463588 0.040204
v 0.505756 1.528743 -0.075360
v 0.510127 1.489419 -0.092628
v 0.499377 1.474955 -0.013061
v 0.493329 1.521638 0.005062
v 0.499026 1.554527 -0.028530
v 0.509444 1.468521 -0.063922
v 0.610743 1.524684 -0.065852
v 0.597999 1.445513 0.022043
v 0.599901 1.553096 0.002686
v 0.619079 1.435684 -0.037954
v 0.622220 1.472448 -0.089463
v 0.590298 1.510690 0.042956
v 0.473634 1.493999 -0.102917
v 0.473224 1.522359 0.001202
v 0.468713 1.534750 -0.082510
v 0.479997 1.474890 -0.020479
v 0.470177 1.558605 -0.032466
v 0.481871 1.470385 -0.074554
v 0.042198 0.508925 -0.008057
v 0.064545 0.495607 0.059995
v 0.144667 0.516232 -0.056108
v 0.128294 0.498376 0.056198
v 0.087182 0.522467 -0.066894
v 0.165489 0.504186 0.005439
v 0.257230 1.507646 -0.103910
v 0.249205 1.541776 0.012543
v 0.261820 1.561585 -0.080709
v 0.244735 1.487776 -0.011863
v 0.245837 1.591101 -0.025425
v 0.254576 1.477844 -0.071329
v 0.301747 1.545747 -0.080134
v 0.322649 1.479176 -0.016184
v 0.323761 1.573513 -0.028778
v 0.328734 1.471161 -0.073877
v 0.301470 1.498006 -0.101806
v 0.327569 1.531007 0.006195
v 0.130609 0.006649 -0.027957
v 0.116642 0.006649 -0.077064
v 0.129662 0.006649 -0.052486
v 0.079924 0.006649 -0.026116
v 0.088391 0.006649 -0.072806
v 0.077948 0.006649 -0.051493
v 0.087672 0.016508 0.076844
v 0.114582 0.021031 0.086036
v 0.087672 0.006649 0.076844
v 0.114582 0.006649 0.086036
v 0.074975 0.033217 0.043040
v 0.168307 0.019918 0.055767
v 0.084524 0.006649 0.041481
v 0.168307 0.006649 0.055767
v 0.128894 0.044795 0.038104
v 0.090614 0.109967 -0.067076
v 0.125607 0.105235 -0.048431
v 0.076081 0.108897 -0.051908
v 0.086311 0.105996 -0.035002
v 0.115377 0.108136 -0.065337
v 0.111074 0.104165 -0.033263
v 0.987521 1.501078 0.067424
v 0.952190 1.492458 0.101424
v 0.993550 1.472019 0.017511
v 0.979803 1.455175 0.021401
v 0.955133 1.469592 0.099900
v 0.962036 1.476606 0.049721
v 0.798576 1.527362 0.007667
v 0.789328 1.474389 0.030216
v 0.789451 1.523734 0.035416
v 0.799562 1.477284 0.003431
v 0.803706 1.502104 -0.008698
v 0.784535 1.498328 0.046276
v 0.905390 1.514009 0.038181
v 0.914940 1.493437 0.015736
v 0.891733 1.468839 0.043745
v 0.888986 1.466615 0.091903
v 0.885206 1.492549 0.091464
v 0.907154 1.468624 0.021349
v 1.053901 1.494759 0.084893
v 1.021876 1.478365 0.116755
v 1.057209 1.466062 0.021362
v 1.042158 1.451723 0.024986
v 1.011084 1.466498 0.109226
v 1.029404 1.474950 0.070518
v 1.115299 1.462264 0.092294
v 1.078472 1.450971 0.116527
v 1.100113 1.451263 0.029796
v 1.085205 1.438219 0.039712
v 1.067142 1.439754 0.108804
v 1.090896 1.442341 0.077953
v 0.929605 1.500205 0.100075
v 0.895557 1.509449 0.050173
v 0.936176 1.484352 0.098263
v 0.915367 1.462942 0.113318
v 0.904008 1.482312 0.118293
v 0.938031 1.488645 0.121896
v 0.948622 1.479822 0.111826
v 0.977408 1.464137 0.134349
v 0.951520 1.446975 0.129786
v 0.941898 1.463433 0.134589
v 0.966286 1.473101 0.146000
v 0.082596 1.846192 -0.007220
v 0.080976 1.840266 0.029687
v 0.074140 1.777360 0.100154
v 0.068711 1.746884 0.089751
v 0.000000 1.791608 -0.126241
v 0.000000 1.761771 -0.121691
v 0.086571 1.786365 0.042066
v 0.082065 1.746364 0.040373
v 0.000000 1.748612 0.117171
v 0.000000 1.771626 0.125688
v 0.000000 1.874955 0.032221
v 0.000000 1.880361 -0.005571
v 0.071856 1.694218 0.048984
v 0.051696 1.653082 0.094314
v 0.000000 1.631752 0.100770
v 0.000000 1.636652 0.118466
v 0.000000 1.698495 0.116767
v 0.021379 1.714740 0.116954
v 0.040467 1.697202 -0.084939
v 0.049222 1.851180 -0.087567
v 0.045266 1.715047 0.108870
v 0.087434 1.821139 0.028738
v 0.030238 1.646400 -0.077620
v 0.032092 1.672651 -0.078456
v 0.046776 1.754516 -0.106352
v 0.050380 1.787591 -0.112558
v 0.036279 1.770975 0.116496
v 0.038490 1.747799 0.103047
v 0.046013 1.868370 -0.005877
v 0.043165 1.862015 0.030892
v 0.072865 1.837979 0.061593
v 0.073280 1.819067 0.080942
v 0.000000 1.832238 0.099195
v 0.000000 1.854615 0.079420
v 0.045199 1.827325 0.087615
v 0.043064 1.847106 0.069218
v 0.000000 1.838109 -0.109978
v 0.049292 1.831884 -0.101007
v 0.090059 1.766393 -0.009990
v 0.090710 1.794121 -0.009296
v 0.085864 1.794551 -0.075201
v 0.080815 1.751368 -0.075270
v 0.071511 1.703876 -0.072658
v 0.081924 1.825481 -0.064196
v 0.088528 1.823186 -0.010797
v 0.082280 1.726413 -0.006165
v 0.075651 1.713599 0.045784
v 0.072186 1.681118 -0.001264
v 0.047381 1.659613 0.050588
v -0.064761 1.715358 0.103711
v -0.062837 1.679600 -0.066171
v -0.076091 1.840658 -0.056726
v -0.074615 1.701886 0.000603
v -0.047371 1.660392 0.039523
v -0.054179 1.653092 -0.058838
v -0.068647 1.670826 0.050418
v -0.101722 1.038576 0.104262
v -0.103028 1.568575 0.082400
v -0.113438 1.052264 -0.072085
v -0.101749 1.586566 -0.099196
v 0.000089 0.958651 0.101384
v -0.138107 1.095850 0.016931
v -0.154867 1.600431 -0.005465
v -0.130846 1.411635 -0.104500
v -0.099479 1.148197 -0.081538
v -0.132473 1.395633 0.084644
v -0.086509 1.132998 0.100126
v -0.000235 1.406924 -0.125559
v -0.170374 1.414911 0.008032
v -0.133921 1.147518 -0.000189
v -0.037812 1.606635 0.026525
v -0.061894 0.873790 0.081519
v -0.094632 0.906032 -0.084875
v -0.030692 0.849522 -0.009583
v -0.056393 1.618032 -0.003345
v -0.040794 1.615019 -0.042280
v -0.142340 0.745325 0.087770
v -0.166912 0.748123 -0.072018
v -0.186420 0.743593 0.016143
v -0.051577 0.768693 0.086547
v -0.084059 0.754502 -0.088551
v -0.020976 0.774167 -0.010931
v -0.117157 1.502120 -0.098617
v -0.116209 1.460299 0.101575
v -0.156368 1.511868 0.044638
v -0.229691 1.573593 -0.087375
v -0.215088 1.600959 -0.016906
v -0.225832 1.505701 -0.117690
v -0.217399 1.463634 -0.078111
v -0.213690 1.537980 0.028592
v -0.209775 1.471099 -0.004015
v -0.130609 0.055533 -0.027957
v -0.116642 0.063682 -0.077064
v -0.129662 0.056122 -0.052486
v -0.079924 0.053927 -0.026116
v -0.088391 0.065077 -0.072806
v -0.077948 0.058239 -0.051493
v -0.087131 0.530206 -0.065091
v -0.040076 0.525620 -0.006066
v -0.062362 0.521944 0.065472
v -0.167586 0.522200 0.011743
v -0.146616 0.525525 -0.052957
v -0.129569 0.524500 0.068856
v -0.033492 0.576519 -0.008753
v -0.057015 0.572771 0.072703
v -0.154558 0.566067 -0.059497
v -0.131262 0.566746 0.073278
v -0.087311 0.573526 -0.074060
v -0.177146 0.562677 0.014172
v -0.091181 0.402364 -0.090448
v -0.156758 0.376930 -0.030521
v -0.058934 0.387803 -0.033267
v -0.076094 0.367805 0.017707
v -0.139598 0.396928 -0.081494
v -0.125500 0.362368 0.011499
v -0.862009 1.514903 0.025532
v -0.852568 1.506868 0.048788
v -0.866938 1.492490 0.009612
v -0.862862 1.468429 0.016948
v -0.848493 1.482808 0.056125
v -0.853640 1.463588 0.040204
v -0.505756 1.528743 -0.075360
v -0.510127 1.489419 -0.092628
v -0.499377 1.474955 -0.013061
v -0.493329 1.521638 0.005062
v -0.499026 1.554527 -0.028530
v -0.509444 1.468521 -0.063922
v -0.610743 1.524684 -0.065852
v -0.597999 1.445513 0.022043
v -0.599901 1.553096 0.002686
v -0.619079 1.435684 -0.037954
v -0.622220 1.472448 -0.089463
v -0.590298 1.510690 0.042956
v -0.473634 1.493999 -0.102917
v -0.473224 1.522359 0.001202
v -0.468713 1.534750 -0.082510
v -0.479997 1.474890 -0.020479
v -0.470177 1.558605 -0.032466
v -0.481871 1.470385 -0.074554
v -0.042198 0.508925 -0.008057
v -0.064545 0.495607 0.059995
v -0.144667 0.516232 -0.056108
v -0.128294 0.498376 0.056198
v -0.087182 0.522467 -0.066894
v -0.165489 0.504186 0.005439
v -0.257230 1.507646 -0.103910
v -0.249205 1.541776 0.012543
v -0.261820 1.561585 -0.080709
v -0.244735 1.487776 -0.011863
v -0.245837 1.591101 -0.025425
v -0.254576 1.477844 -0.071329
v -0.301747 1.545747 -0.080134
v -0.322649 1.479176 -0.016184
v -0.323761 1.573513 -0.028778
v -0.328734 1.471161 -0.073877
v -0.301470 1.498006 -0.101806
v -0.327569 1.531007 0.006195
v -0.130609 0.006649 -0.027957
v -0.116642 0.006649 -0.077064
v -0.129662 0.006649 -0.052486
v -0.079924 0.006649 -0.026116
v -0.088391 0.006649 -0.072806
v -0.077948 0.006649 -0.051493
v -0.087672 0.016508 0.076844
v -0.114582 0.021031 0.086036
v -0.087672 0.006649 0.076844
v -0.114582 0.006649 0.086036
v -0.074975 0.033217 0.043040
v -0.168307 0.019918 0.055767
v -0.084524 0.006649 0.041481
v -0.168307 0.006649 0.055767
v -0.128894 0.044795 0.038104
v -0.090614 0.109967 -0.067076
v -0.125607 0.105235 -0.048431
v -0.076081 0.108897 -0.051908
v -0.086311 0.105996 -0.035002
v -0.115377 0.108136 -0.065337
v -0.111074 0.104165 -0.033263
v -0.987521 1.501078 0.067424
v -0.952190 1.492458 0.101424
v -0.993550 1.472019 0.017511
v -0.979803 1.455175 0.021401
v -0.955133 1.469592 0.099900
v -0.962036 1.476606 0.049721
v -0.798576 1.527362 0.007667
v -0.789328 1.474389 0.030216
v -0.789451 1.523734 0.035416
v -0.799562 1.477284 0.003431
v -0.803706 1.502104 -0.008698
v -0.784535 1.498328 0.046276
v -0.905390 1.514009 0.038181
v -0.914940 1.493437 0.015736
v -0.891733 1.468839 0.043745
v -0.888986 1.466615 0.091903
v -0.885206 1.492549 0.091464
v -0.907154 1.468624 0.021349
v -1.053901 1.494759 0.084893
v -1.021876 1.478365 0.116755
v -1.057209 1.466062 0.021362
v -1.042158 1.451723 0.024986
v -1.011084 1.466498 0.109226
v -1.029404 1.474950 0.070518
v -1.115299 1.462264 0.092294
v -1.078472 1.450971 0.116527
v -1.100113 1.451263 0.029796
v -1.085205 1.438219 0.039712
v -1.067142 1.439754 0.108804
v -1.090896 1.442341 0.077953
v -0.929605 1.500205 0.100075
v -0.895557 1.509449 0.050173
v -0.936176 1.484352 0.098263
v -0.915367 1.462942 0.113318
v -0.904008 1.482312 0.118293
v -0.938031 1.488645 0.121896
v -0.948622 1.479822 0.111826
v -0.977408 1.464137 0.134349
v -0.951520 1.446975 0.129786
v -0.941898 1.463433 0.134589
v -0.966286 1.473101 0.146000
v -0.082596 1.846192 -0.007220
v -0.080976 1.840266 0.029687
v -0.074140 1.777360 0.100154
v -0.068711 1.746884 0.089751
v -0.086571 1.786365 0.042066
v -0.082065 1.746364 0.040373
v -0.071856 1.694218 0.048984
v -0.051696 1.653082 0.094314
v -0.021379 1.714740 0.116954
v -0.040467 1.697202 -0.084939
v -0.049222 1.851180 -0.087567
v -0.045266 1.715047 0.108870
v -0.087434 1.821139 0.028738
v -0.030238 1.646400 -0.077620
v -0.032092 1.672651 -0.078456
v -0.046776 1.754516 -0.106352
v -0.050380 1.787591 -0.112558
v -0.036279 1.770975 0.116496
v -0.038490 1.747799 0.103047
v -0.046013 1.868370 -0.005877
v -0.043165 1.862015 0.030892
v -0.072865 1.837979 0.061593
v -0.073280 1.819067 0.080942
v -0.045199 1.827325 0.087615
v -0.043064 1.847106 0.069218
v -0.049292 1.831884 -0.101007
v -0.090059 1.766393 -0.009990
v -0.090710 1.794121 -0.009296
v -0.085864 1.794551 -0.075201
v -0.080815 1.751368 -0.075270
v -0.071511 1.703876 -0.072658
v -0.081924 1.825481 -0.064196
v -0.088528 1.823186 -0.010797
v -0.082280 1.726413 -0.006165
v -0.075651 1.713599 0.045784
v -0.072186 1.681118 -0.001264
v -0.047381 1.659613 0.050588
vn 0.5235 -0.2313 -0.8200
vn 0.2809 -0.0062 -0.9597
vn 0.2672 -0.2963 -0.9169
vn 0.2092 0.0409 -0.9770
vn 0.7325 0.2740 0.6232
vn -0.0883 -0.6965 -0.7121
vn 0.1203 0.2274 0.9664
vn 0.0605 -0.1854 0.9808
vn 0.0643 0.9642 -0.2572
vn 0.9390 0.0543 -0.3395
vn 0.9272 -0.1282 -0.3520
vn 0.0917 -0.0384 0.9950
vn 0.1749 0.0348 0.9840
vn 0.8700 0.1822 0.4582
vn 0.9024 -0.1347 0.4094
vn 0.2823 0.0583 -0.9575
vn 0.1674 -0.1026 -0.9805
vn -0.0707 0.6869 0.7233
vn 0.3099 -0.0067 -0.9508
vn 0.2430 -0.9297 0.2768
vn 0.8719 -0.2440 0.4246
vn 0.1633 0.8904 0.4248
vn 0.1938 0.9556 -0.2220
vn 0.0992 0.8605 -0.4998
vn 0.9268 -0.2997 -0.2263
vn 0.4682 -0.5647 -0.6797
vn 0.3289 -0.2607 0.9077
vn 0.9515 0.1478 -0.2698
vn -0.9476 0.1113 0.2995
vn 0.8715 0.1072 0.4786
vn -0.7763 0.0833 -0.6248
vn 0.2385 0.0301 -0.9707
vn -0.1393 -0.0391 0.9895
vn 0.0766 0.5320 0.8433
vn 0.1657 -0.2220 0.9609
vn 0.8644 -0.0047 0.5028
vn 0.1840 0.0518 -0.9816
vn -0.2421 -0.6130 0.7521
vn 0.3157 0.5768 -0.7534
vn -0.0225 0.1899 -0.9815
vn 0.4994 -0.3109 0.8087
vn 0.1048 -0.2411 -0.9648
vn 0.6545 -0.7529 -0.0686
vn -0.8281 0.0342 -0.5595
vn -0.9554 0.0681 0.2874
vn 0.8786 0.1276 -0.4602
vn 0.0017 0.1398 0.9902
vn -0.0349 0.1920 -0.9808
vn 0.9187 0.2259 0.3239
vn 0.7967 -0.1567 0.5837
vn 0.1841 -0.1960 -0.9632
vn -0.0308 -0.1254 0.9916
vn 0.9283 -0.2159 -0.3027
vn -0.9522 -0.1241 0.2791
vn -0.7692 -0.1297 -0.6257
vn -0.7773 -0.0599 -0.6263
vn -0.9566 -0.0521 0.2867
vn 0.9650 -0.0649 -0.2542
vn -0.0242 -0.0751 0.9969
vn 0.1954 -0.0776 -0.9776
vn 0.8201 -0.0724 0.5676
vn 0.8086 -0.2044 0.5517
vn 0.2005 0.1954 -0.9600
vn 0.0765 -0.3099 0.9477
vn 0.9493 0.0248 -0.3134
vn -0.9476 -0.1793 0.2643
vn -0.8361 0.0388 -0.5472
vn 0.3544 -0.9348 -0.0229
vn 0.2724 0.8198 -0.5037
vn 0.1528 0.9499 0.2728
vn -0.0792 0.3568 0.9308
vn -0.1141 -0.9741 -0.1950
vn 0.1709 -0.3892 -0.9052
vn 0.1247 -0.7743 -0.6204
vn -0.0745 -0.9927 0.0950
vn -0.0455 0.6975 0.7151
vn 0.2075 0.8751 -0.4371
vn 0.2666 0.4355 -0.8598
vn -0.2572 -0.4058 0.8770
vn -0.1042 -0.8052 -0.5838
vn -0.3009 -0.9521 0.0551
vn -0.1935 0.7068 0.6804
vn 0.1052 0.9062 -0.4097
vn 0.0933 0.4193 -0.9030
vn -0.3899 -0.3458 0.8535
vn 0.0107 -0.4054 0.9141
vn 0.0097 0.4298 -0.9029
vn 0.0640 0.8833 -0.4645
vn 0.0754 0.6589 0.7484
vn -0.0144 -0.9938 0.1103
vn -0.0147 -0.7491 -0.6623
vn -0.7898 0.0249 -0.6129
vn -0.9475 -0.1443 0.2854
vn 0.9478 -0.0305 -0.3175
vn 0.0162 -0.3264 0.9451
vn 0.2087 0.2516 -0.9451
vn 0.7889 -0.2925 0.5405
vn 0.3522 -0.6896 -0.6327
vn 0.3901 -0.9052 0.1689
vn 0.3315 0.5665 0.7544
vn 0.3012 0.8942 -0.3312
vn 0.3370 0.3590 -0.8704
vn 0.3979 -0.4138 0.8188
vn -0.1055 -0.7470 -0.6564
vn -0.0928 -0.9860 0.1384
vn 0.1604 0.6216 0.7668
vn 0.2305 0.8517 -0.4706
vn 0.1479 0.3934 -0.9074
vn 0.0122 -0.4052 0.9141
vn -0.1980 0.8800 0.4318
vn -0.1490 -0.0000 -0.9888
vn 0.9993 -0.0000 -0.0386
vn -0.8980 -0.0000 -0.4400
vn -0.9970 -0.0000 0.0776
vn 0.8837 -0.0000 -0.4681
vn -0.3233 -0.0000 0.9463
vn -0.9537 -0.2567 0.1565
vn 0.4909 -0.0000 0.8712
vn -0.0000 -1.0000 -0.0000
vn 0.9118 -0.0000 -0.4106
vn -0.9916 -0.1278 -0.0219
vn -0.1079 0.9695 0.2202
vn 0.2951 0.8180 0.4937
vn 0.4775 0.8652 0.1530
vn 0.7912 -0.1385 0.5957
vn 0.1371 -0.0730 -0.9879
vn 0.0411 -0.1844 0.9820
vn 0.9129 -0.0889 -0.3984
vn -0.9338 -0.0928 0.3455
vn -0.8366 -0.0288 -0.5471
vn 0.0844 0.9662 0.2436
vn 0.7678 0.6170 -0.1724
vn -0.0523 -0.9304 0.3629
vn -0.0354 -0.2048 -0.9782
vn 0.3493 -0.6930 -0.6307
vn 0.1666 -0.9763 0.1381
vn -0.0093 0.6033 0.7975
vn 0.1307 0.9663 -0.2216
vn 0.2999 0.4873 -0.8201
vn -0.0110 -0.3845 0.9231
vn 0.1122 -0.2798 -0.9535
vn 0.0718 -0.9955 -0.0621
vn -0.7045 0.1131 0.7007
vn -0.0676 0.9399 0.3347
vn 0.1461 0.6857 -0.7131
vn -0.2420 -0.9448 0.2208
vn 0.0369 -0.2662 -0.9632
vn 0.1554 0.8854 -0.4380
vn 0.0037 -0.9854 -0.1704
vn 0.0431 0.9186 0.3929
vn -0.2150 -0.2005 0.9558
vn -0.1237 -0.8710 0.4755
vn 0.4313 0.8481 -0.3078
vn -0.4000 -0.8364 -0.3747
vn 0.2945 0.6627 0.6886
vn -0.1906 -0.4074 0.8931
vn -0.4344 -0.8664 0.2462
vn 0.0677 -0.5007 -0.8630
vn 0.4911 -0.8029 0.3378
vn 0.6437 -0.7651 -0.0185
vn -0.1346 -0.1178 0.9839
vn -0.2211 0.9208 0.3214
vn -0.0871 -0.9899 0.1116
vn 0.5522 0.8246 -0.1232
vn 0.3542 -0.7433 -0.5675
vn -0.7372 -0.3066 0.6020
vn -0.2270 0.8350 0.5012
vn 0.0163 -0.5339 0.8454
vn -0.5362 -0.4997 0.6803
vn -0.3272 0.3844 0.8632
vn 0.2962 -0.4380 -0.8488
vn 0.9922 -0.0790 0.0968
vn 0.2628 -0.1772 -0.9485
vn 0.9975 0.0348 0.0612
vn 0.9608 -0.1727 0.2169
vn 0.9690 -0.2436 0.0409
vn 0.2651 -0.4037 0.8756
vn 0.2685 0.9499 0.1601
vn 0.9364 0.3260 -0.1296
vn 0.5447 -0.2636 -0.7961
vn 0.7251 0.4437 -0.5267
vn 0.2305 0.9522 -0.2005
vn 0.9645 0.1033 0.2429
vn 0.9593 0.2754 0.0628
vn 0.7132 0.2446 -0.6569
vn 0.9712 -0.1069 0.2130
vn 0.3290 0.2164 0.9192
vn 0.3959 -0.9148 -0.0805
vn 0.3231 -0.9283 -0.1841
vn 0.2891 -0.1904 0.9382
vn 0.4779 -0.6359 0.6061
vn 0.5695 0.3547 0.7415
vn 0.3361 0.2905 0.8959
vn 0.2403 0.2870 -0.9273
vn 0.5097 0.8455 -0.1592
vn 0.2165 0.5581 -0.8010
vn 0.2442 -0.3596 -0.9006
vn 0.5053 0.8457 0.1716
vn 0.3934 -0.3931 0.8311
vn 0.6988 -0.1358 -0.7023
vn 0.4124 -0.3656 -0.8344
vn 0.9498 -0.2026 0.2386
vn 0.2667 0.6542 0.7077
vn 0.3611 0.6632 0.6555
vn 0.4290 0.8645 0.2618
vn 0.9208 0.2916 0.2589
vn 0.3124 0.3975 0.8628
vn 0.2521 0.3983 0.8819
vn 0.2609 0.8924 0.3681
vn 0.3409 -0.0752 0.9371
vn 0.9890 0.1155 -0.0923
vn 0.9431 -0.3290 -0.0489
vn 0.9801 -0.1808 0.0820
vn 0.9760 -0.1974 -0.0920
vn 0.9921 -0.0787 -0.0978
vn 0.9614 -0.2408 -0.1328
vn 0.9911 -0.1269 0.0396
vn 0.4877 -0.8640 -0.1250
vn -0.5235 -0.2313 -0.8200
vn -0.2809 -0.0062 -0.9597
vn -0.2672 -0.2963 -0.9169
vn -0.2092 0.0409 -0.9770
vn -0.7325 0.2740 0.6232
vn 0.0883 -0.6965 -0.7121
vn -0.1203 0.2274 0.9664
vn -0.0605 -0.1854 0.9808
vn -0.0643 0.9642 -0.2572
vn -0.9390 0.0543 -0.3395
vn -0.9272 -0.1282 -0.3520
vn -0.0917 -0.0384 0.9950
vn -0.1749 0.0348 0.9840
vn -0.8700 0.1822 0.4582
vn -0.9024 -0.1347 0.4094
vn -0.2823 0.0583 -0.9575
vn -0.1674 -0.1026 -0.9805
vn 0.0707 0.6869 0.7233
vn -0.3099 -0.0067 -0.9508
vn -0.2430 -0.9297 0.2768
vn -0.8719 -0.2440 0.4246
vn -0.1633 0.8904 0.4248
vn -0.1938 0.9556 -0.2220
vn -0.0992 0.8605 -0.4998
vn -0.9268 -0.2997 -0.2263
vn -0.4682 -0.5647 -0.6797
vn -0.3289 -0.2607 0.9077
vn -0.9515 0.1478 -0.2698
vn 0.9476 0.1113 0.2995
vn -0.8715 0.1072 0.4786
vn 0.7763 0.0833 -0.6248
vn -0.2385 0.0301 -0.9707
vn 0.1393 -0.0391 0.9895
vn -0.0766 0.5320 0.8433
vn -0.1657 -0.2220 0.9609
vn -0.8644 -0.0047 0.5028
vn -0.1840 0.0518 -0.9816
vn 0.2421 -0.6130 0.7521
vn -0.3157 0.5768 -0.7534
vn 0.0225 0.1899 -0.9815
vn -0.4994 -0.3109 0.8087
vn -0.1048 -0.2411 -0.9648
vn -0.6545 -0.7529 -0.0686
vn 0.8281 0.0342 -0.5595
vn 0.9554 0.0681 0.2874
vn -0.8786 0.1276 -0.4602
vn -0.0017 0.1398 0.9902
vn 0.0349 0.1920 -0.9808
vn -0.9187 0.2259 0.3239
vn -0.7967 -0.1567 0.5837
vn -0.1841 -0.1960 -0.9632
vn 0.0308 -0.1254 0.9916
vn -0.9283 -0.2159 -0.3027
vn 0.9522 -0.1241 0.2791
vn 0.7692 -0.1297 -0.6257
vn 0.7773 -0.0599 -0.6263
vn 0.9566 -0.0521 0.2867
vn -0.9650 -0.0649 -0.2542
vn 0.0242 -0.0751 0.9969
vn -0.1954 -0.0776 -0.9776
vn -0.8201 -0.0724 0.5676
vn -0.8086 -0.2044 0.5517
vn -0.2005 0.1954 -0.9600
vn -0.0765 -0.3099 0.9477
vn -0.9493 0.0248 -0.3134
vn 0.9476 -0.1793 0.2643
vn 0.8361 0.0388 -0.5472
vn -0.3544 -0.9348 -0.0229
vn -0.2724 0.8198 -0.5037
vn -0.1528 0.9499 0.2728
vn 0.0792 0.3568 0.9308
vn 0.1141 -0.9741 -0.1950
vn -0.1709 -0.3892 -0.9052
vn -0.1247 -0.7743 -0.6204
vn 0.0745 -0.9927 0.0950
vn 0.0455 0.6975 0.7151
vn -0.2075 0.8751 -0.4371
vn -0.2666 0.4355 -0.8598
vn 0.2572 -0.4058 0.8770
vn 0.1042 -0.8052 -0.5838
vn 0.3009 -0.9521 0.0551
vn 0.1935 0.7068 0.6804
vn -0.1052 0.9062 -0.4097
vn -0.0933 0.4193 -0.9030
vn 0.3899 -0.3458 0.8535
vn -0.0107 -0.4054 0.9141
vn -0.0097 0.4298 -0.9029
vn -0.0640 0.8833 -0.4645
vn -0.0754 0.6589 0.7484
vn 0.0144 -0.9938 0.1103
vn 0.0147 -0.7491 -0.6623
vn 0.7898 0.0249 -0.6129
vn 0.9475 -0.1443 0.2854
vn -0.9478 -0.0305 -0.3175
vn -0.0162 -0.3264 0.9451
vn -0.2087 0.2516 -0.9451
vn -0.7889 -0.2925 0.5405
vn -0.3522 -0.6896 -0.6327
vn -0.3901 -0.9052 0.1689
vn -0.3315 0.5665 0.7544
vn -0.3012 0.8942 -0.3312
vn -0.3370 0.3590 -0.8704
vn -0.3979 -0.4138 0.8188
vn 0.1055 -0.7470 -0.6564
vn 0.0928 -0.9860 0.1384
vn -0.1604 0.6216 0.7668
vn -0.2305 0.8517 -0.4706
vn -0.1479 0.3934 -0.9074
vn -0.0122 -0.4052 0.9141
vn 0.1980 0.8800 0.4318
vn 0.1490 -0.0000 -0.9888
vn -0.9993 -0.0000 -0.0386
vn 0.8980 -0.0000 -0.4400
vn 0.9970 -0.0000 0.0776
vn -0.8837 -0.0000 -0.4681
vn 0.3233 -0.0000 0.9463
vn 0.9537 -0.2567 0.1565
vn -0.4909 -0.0000 0.8712
vn -0.9118 -0.0000 -0.4106
vn 0.9916 -0.1278 -0.0219
vn 0.1079 0.9695 0.2202
vn -0.2951 0.8180 0.4937
vn -0.4775 0.8652 0.1530
vn -0.7912 -0.1385 0.5957
vn -0.1371 -0.0730 -0.9879
vn -0.0411 -0.1844 0.9820
vn -0.9129 -0.0889 -0.3984
vn 0.9338 -0.0928 0.3455
vn 0.8366 -0.0288 -0.5471
vn -0.0844 0.9662 0.2436
vn -0.7678 0.6170 -0.1724
vn 0.0523 -0.9304 0.3629
vn 0.0354 -0.2048 -0.9782
vn -0.3493 -0.6930 -0.6307
vn -0.1666 -0.9763 0.1381
vn 0.0093 0.6033 0.7975
vn -0.1307 0.9663 -0.2216
vn -0.2999 0.4873 -0.8201
vn 0.0110 -0.3845 0.9231
vn -0.1122 -0.2798 -0.9535
vn -0.0718 -0.9955 -0.0621
vn 0.7045 0.1131 0.7007
vn 0.0676 0.9399 0.3347
vn -0.1461 0.6857 -0.7131
vn 0.2420 -0.9448 0.2208
vn -0.0369 -0.2662 -0.9632
vn -0.1554 0.8854 -0.4380
vn -0.0037 -0.9854 -0.1704
vn -0.0431 0.9186 0.3929
vn 0.2150 -0.2005 0.9558
vn 0.1237 -0.8710 0.4755
vn -0.4313 0.8481 -0.3078
vn 0.4000 -0.8364 -0.3747
vn -0.2945 0.6627 0.6886
vn 0.1906 -0.4074 0.8931
vn 0.4344 -0.8664 0.2462
vn -0.0677 -0.5007 -0.8630
vn -0.4911 -0.8029 0.3378
vn -0.6437 -0.7651 -0.0185
vn 0.1346 -0.1178 0.9839
vn 0.2211 0.9208 0.3214
vn 0.0871 -0.9899 0.1116
vn -0.5522 0.8246 -0.1232
vn -0.3542 -0.7433 -0.5675
vn 0.7372 -0.3066 0.6020
vn 0.2270 0.8350 0.5012
vn -0.0163 -0.5339 0.8454
vn 0.5362 -0.4997 0.6803
vn 0.3272 0.3844 0.8632
vn -0.2962 -0.4380 -0.8488
vn -0.9922 -0.0790 0.0968
vn -0.2628 -0.1772 -0.9485
vn -0.9975 0.0348 0.0612
vn -0.9608 -0.1727 0.2169
vn -0.9690 -0.2436 0.0409
vn -0.2651 -0.4037 0.8756
vn -0.2685 0.9499 0.1601
vn -0.9364 0.3260 -0.1296
vn -0.5447 -0.2636 -0.7961
vn -0.7251 0.4437 -0.5267
vn -0.2305 0.9522 -0.2005
vn -0.9645 0.1033 0.2429
vn -0.9593 0.2754 0.0628
vn -0.7132 0.2446 -0.6569
vn -0.9712 -0.1069 0.2130
vn -0.3290 0.2164 0.9192
vn -0.3959 -0.9148 -0.0805
vn -0.3231 -0.9283 -0.1841
vn -0.2891 -0.1904 0.9382
vn -0.4779 -0.6359 0.6061
vn -0.5695 0.3547 0.7415
vn -0.3361 0.2905 0.8959
vn -0.2403 0.2870 -0.9273
vn -0.5097 0.8455 -0.1592
vn -0.2165 0.5581 -0.8010
vn -0.2442 -0.3596 -0.9006
vn -0.5053 0.8457 0.1716
vn -0.3934 -0.3931 0.8311
vn -0.6988 -0.1358 -0.7023
vn -0.4124 -0.3656 -0.8344
vn -0.9498 -0.2026 0.2386
vn -0.2667 0.6542 0.7077
vn -0.3611 0.6632 0.6555
vn -0.4290 0.8645 0.2618
vn -0.9208 0.2916 0.2589
vn -0.3124 0.3975 0.8628
vn -0.2521 0.3983 0.8819
vn -0.2609 0.8924 0.3681
vn -0.3409 -0.0752 0.9371
vn -0.9890 0.1155 -0.0923
vn -0.9431 -0.3290 -0.0489
vn -0.9801 -0.1808 0.0820
vn -0.9760 -0.1974 -0.0920
vn -0.9921 -0.0787 -0.0978
vn -0.9614 -0.2408 -0.1328
vn -0.9911 -0.1269 0.0396
vn -0.4877 -0.8640 -0.1250
vt 0.354131 0.515325
vt 0.304816 0.514408
vt 0.304816 0.514408
vt 0.250000 0.513388
vt 0.250000 0.500000
vt 0.315801 0.500000
vt 0.583333 0.375000
vt 0.750000 0.500000
vt 0.416667 0.333333
vt 0.583333 0.500000
vt 0.583333 0.625000
vt 0.312500 0.312500
vt 0.625000 0.750000
vt 0.583333 0.750000
vt 0.375000 0.625000
vt 0.375000 0.375000
vt 0.375000 0.500000
vt 0.687500 0.812500
vt 0.583333 0.875000
vt 0.375000 0.750000
vt 0.375000 0.875000
vt 0.000000 0.000000
vt 0.458333 0.500000
vt 0.458333 0.625000
vt 0.541667 0.500000
vt 0.541667 0.625000
vt 0.458333 0.750000
vt 0.458333 0.875000
vt 0.541667 0.750000
vt 0.541667 0.875000
vt 0.458333 0.375000
vt 0.541667 0.375000
vt 0.720817 0.650892
vt 0.750000 0.683535
vt 0.697670 0.625000
vt 0.697670 0.625000
vt 0.723399 0.596220
vt 0.750000 0.566465
vt 0.735997 0.582128
vt 0.625000 0.625000
vt 0.583333 0.625000
vt 0.625000 0.500000
vt 0.375000 0.625370
vt 0.375000 0.500937
vt 0.375000 0.749233
vt 0.375000 0.500765
vt 0.375000 0.624622
vt 0.375000 0.749058
vt 0.375000 0.621970
vt 0.375000 0.742455
vt 0.375000 0.740640
vt 0.375000 0.621241
vt 0.375000 0.507509
vt 0.375000 0.506126
vt 0.375000 0.507599
vt 0.375000 0.509315
vt 0.375000 0.743859
vt 0.375000 0.742382
vt 0.375000 0.627963
vt 0.375000 0.628676
vt 0.375000 0.621421
vt 0.375000 0.741087
vt 0.375000 0.744018
vt 0.375000 0.622597
vt 0.375000 0.508870
vt 0.375000 0.507236
vt 0.375000 0.504857
vt 0.375000 0.505954
vt 0.375000 0.742746
vt 0.375000 0.745131
vt 0.375000 0.628501
vt 0.375000 0.627350
vt 0.583333 0.625000
vt 0.583333 0.500000
vt 0.541667 0.500000
vt 0.583333 0.500000
vt 0.583333 0.500000
vt 0.541667 0.500000
vt 0.541667 0.625000
vt 0.583333 0.500000
vt 0.625000 0.625000
vt 0.541667 0.500000
vt 0.464019 0.600617
vt 0.532233 0.600708
vt 0.532751 0.656765
vt 0.464130 0.654076
vt 0.467101 0.440801
vt 0.470434 0.375000
vt 0.530147 0.375000
vt 0.534312 0.440801
vt 0.592885 0.660381
vt 0.592704 0.598958
vt 0.464100 0.750000
vt 0.538077 0.750000
vt 0.375000 0.597829
vt 0.401022 0.598644
vt 0.407992 0.652861
vt 0.374787 0.652143
vt 0.534375 0.809199
vt 0.530260 0.875000
vt 0.464612 0.875000
vt 0.464342 0.809199
vt 0.684199 0.599757
vt 0.750000 0.601685
vt 0.750000 0.655027
vt 0.684199 0.658862
vt 0.594733 0.500000
vt 0.625000 0.598023
vt 0.375000 0.440801
vt 0.464102 0.500000
vt 0.593428 0.440801
vt 0.625000 0.440801
vt 0.684199 0.500000
vt 0.750000 0.500000
vt 0.600913 0.750000
vt 0.625000 0.662312
vt 0.538059 0.500000
vt 0.375000 0.798123
vt 0.439111 0.809199
vt 0.411334 0.875000
vt 0.375000 0.851612
vt 0.250000 0.747076
vt 0.364020 0.741686
vt 0.374872 0.641265
vt 0.375000 0.749955
vt 0.259085 0.750000
vt 0.250000 0.733098
vt 0.349734 0.730868
vt 0.375000 0.875000
vt 0.591978 0.375000
vt 0.625000 0.375000
vt 0.375000 0.375000
vt 0.374848 0.644364
vt 0.625000 0.807030
vt 0.625000 0.871491
vt 0.607309 0.875000
vt 0.605225 0.809199
vt 0.625000 0.727627
vt 0.684199 0.727125
vt 0.750000 0.729550
vt 0.375000 0.875000
vt 0.353645 0.625000
vt 0.352189 0.590346
vt 0.359913 0.625000
vt 0.375000 0.625000
vt 0.372286 0.707813
vt 0.371205 0.740803
vt 0.485858 0.715427
s 0
g Base_Material.001
usemtl Material.001
f 11/1/1 212/2/1 213/3/1 2/1/1
f 212/2/2 8/4/2 4/4/2 213/3/2
f 213/3/3 4/4/3 12/5/3 208/6/3
f 54/7/4 19/8/4 17/9/4 51/10/4
f 55/11/5 23/12/5 15/13/5 52/14/5
f 40/15/6 38/16/6 37/17/6 39/15/6
f 52/14/7 15/13/7 21/18/7 53/19/7
f 14/20/8 20/21/8 24/21/8 36/20/8
f 17/9/9 23/12/9 57/22/9 56/22/9
f 16/17/10 26/23/10 34/24/10 22/15/10
f 26/23/11 25/25/11 33/26/11 34/24/11
f 14/20/12 28/27/12 30/28/12 20/21/12
f 28/27/13 27/29/13 29/30/13 30/28/13
f 22/15/14 34/24/14 28/27/14 14/20/14
f 34/24/15 33/26/15 27/29/15 28/27/15
f 18/16/16 32/31/16 26/23/16 16/17/16
f 32/31/17 31/32/17 25/25/17 26/23/17
f 15/13/18 35/33/18 41/34/18 21/18/18
f 18/16/19 16/17/19 37/17/19 38/16/19
f 24/21/20 40/15/20 39/15/20 36/20/20
f 35/33/21 42/35/21 237/36/21 9/33/21
f 23/12/22 42/35/22 35/33/22 15/13/22
f 17/9/23 44/37/23 42/35/23 23/12/23
f 44/37/24 17/9/24 19/8/24 43/38/24
f 42/35/25 44/37/25 11/37/25 237/36/25
f 44/37/26 43/38/26 8/38/26 212/39/26 11/37/26
f 41/34/27 35/33/27 9/33/27 10/34/27
f 16/17/28 22/15/28 47/15/28 46/17/28
f 36/20/29 39/15/29 50/15/29 48/20/29
f 22/15/30 14/20/30 45/20/30 47/15/30
f 39/15/31 37/17/31 49/17/31 50/15/31
f 37/17/32 16/17/32 46/17/32 49/17/32
f 14/20/33 36/20/33 48/20/33 45/20/33
f 23/12/34 55/11/34 60/11/34 57/40/34
f 27/29/35 52/14/35 53/19/35 29/30/35
f 33/26/36 55/11/36 52/14/36 27/29/36
f 31/32/37 54/7/37 51/10/37 25/25/37
f 160/41/38 156/26/38 91/26/38 90/11/38
f 159/10/39 155/42/39 86/42/39 88/10/39
f 51/10/40 17/9/40 56/42/40 58/10/40
f 55/11/41 33/26/41 61/26/41 60/11/41
f 25/25/42 51/10/42 58/10/42 59/25/42
f 33/26/43 25/25/43 59/25/43 61/26/43
f 145/43/44 143/44/44 66/17/44 67/15/44
f 146/45/45 145/43/45 67/15/45 65/20/45
f 147/46/46 144/47/46 64/15/46 63/17/46
f 148/48/47 146/45/47 65/20/47 62/20/47
f 143/44/48 147/46/48 63/17/48 66/17/48
f 144/47/49 148/48/49 62/20/49 64/15/49
f 79/49/50 77/50/50 73/51/50 71/52/50
f 78/53/51 76/54/51 72/55/51 68/56/51
f 77/50/52 75/57/52 70/58/52 73/51/52
f 76/54/53 79/49/53 71/52/53 72/55/53
f 75/57/54 74/59/54 69/60/54 70/58/54
f 74/59/55 78/53/55 68/56/55 69/60/55
f 50/15/56 49/17/56 78/53/56 74/59/56
f 48/20/57 50/15/57 74/59/57 75/57/57
f 46/17/58 47/15/58 79/49/58 76/54/58
f 45/20/59 48/20/59 75/57/59 77/50/59
f 49/17/60 46/17/60 76/54/60 78/53/60
f 47/15/61 45/20/61 77/50/61 79/49/61
f 115/61/62 113/62/62 85/63/62 81/64/62
f 114/65/63 112/66/63 84/67/63 80/68/63
f 113/62/64 111/69/64 83/70/64 85/63/64
f 112/66/65 115/61/65 81/64/65 84/67/65
f 111/69/66 110/71/66 82/72/66 83/70/66
f 110/71/67 114/65/67 80/68/67 82/72/67
f 164/73/68 163/26/68 181/11/68
f 162/74/69 161/42/69 149/42/69 151/10/69
f 155/22/70 157/22/70 87/22/70 86/22/70
f 157/40/71 160/41/71 90/11/71 87/40/71
f 156/26/72 158/75/72 89/25/72 91/26/72
f 158/75/73 159/10/73 88/10/73 89/25/73
f 109/25/74 104/76/74 93/77/74 97/25/74
f 107/26/75 109/25/75 97/25/75 94/26/75
f 108/40/76 105/41/76 95/11/76 96/40/76
f 106/22/77 108/22/77 96/22/77 92/22/77
f 104/76/78 106/42/78 92/42/78 93/77/78
f 105/41/79 107/26/79 94/26/79 95/11/79
f 97/25/80 93/77/80 102/76/80 101/78/80
f 94/26/81 97/25/81 101/78/81 99/79/81
f 96/40/82 95/11/82 103/11/82 100/40/82
f 92/22/83 96/22/83 100/22/83 98/22/83
f 93/77/84 92/42/84 98/42/84 102/76/84
f 95/11/85 94/26/85 99/79/85 103/11/85
f 127/41/86 123/26/86 107/26/86 105/41/86
f 126/80/87 122/42/87 106/42/87 104/76/87
f 122/22/88 124/22/88 108/22/88 106/22/88
f 124/81/89 127/41/89 105/41/89 108/40/89
f 123/26/90 125/25/90 109/25/90 107/26/90
f 125/25/91 126/80/91 104/76/91 109/25/91
f 69/60/92 68/56/92 114/65/92 110/71/92
f 70/58/93 69/60/93 110/71/93 111/69/93
f 72/55/94 71/52/94 115/61/94 112/66/94
f 73/51/95 70/58/95 111/69/95 113/62/95
f 68/56/96 72/55/96 112/66/96 114/65/96
f 71/52/97 73/51/97 113/62/97 115/61/97
f 59/25/98 58/10/98 116/77/98 121/82/98
f 61/26/99 59/25/99 121/82/99 119/26/99
f 57/40/100 60/11/100 117/41/100 120/40/100
f 56/22/101 57/22/101 120/22/101 118/22/101
f 58/10/102 56/42/102 118/42/102 116/77/102
f 60/11/103 61/26/103 119/26/103 117/41/103
f 121/82/104 116/77/104 126/80/104 125/25/104
f 119/26/105 121/82/105 125/25/105 123/26/105
f 120/40/106 117/41/106 127/41/106 124/81/106
f 118/22/107 120/22/107 124/22/107 122/22/107
f 116/77/108 118/42/108 122/42/108 126/80/108
f 117/41/109 119/26/109 123/26/109 127/41/109
f 142/20/110 138/20/110 134/20/110 135/20/110
f 66/17/111 63/17/111 129/17/111 132/17/111
f 64/15/112 62/20/112 128/20/112 130/15/112
f 67/15/113 66/17/113 132/17/113 133/15/113
f 65/20/114 67/15/114 133/15/114 131/20/114
f 63/17/115 64/15/115 130/15/115 129/17/115
f 135/20/116 134/20/116 136/20/116 137/20/116
f 138/20/117 140/20/117 136/20/117 134/20/117
f 141/20/118 139/20/118 135/20/118 137/20/118
f 140/22/119 141/22/119 137/22/119 136/22/119
f 131/22/119 128/22/119 141/22/119 140/22/119
f 128/20/120 62/20/120 139/20/120 141/20/120
f 65/20/121 131/20/121 140/20/121 138/20/121
f 62/20/122 65/20/122 138/20/122 142/20/122
f 139/20/123 142/20/123 135/20/123
f 139/20/124 62/20/124 142/20/124
f 81/64/125 85/63/125 148/48/125 144/47/125
f 80/68/126 84/67/126 147/46/126 143/44/126
f 85/63/127 83/70/127 146/45/127 148/48/127
f 84/67/128 81/64/128 144/47/128 147/46/128
f 83/70/129 82/72/129 145/43/129 146/45/129
f 82/72/130 80/68/130 143/44/130 145/43/130
f 130/15/119 128/22/119 131/20/119 133/15/119
f 129/17/119 130/15/119 133/15/119 132/17/119
f 161/22/131 180/22/131 179/22/131 150/22/131 149/22/131
f 181/11/132 179/40/132 184/40/132 185/11/132
f 163/26/133 166/75/133 152/25/133 154/26/133
f 166/75/134 162/74/134 151/10/134 152/25/134
f 101/78/135 102/76/135 159/10/135 158/75/135
f 99/79/136 101/78/136 158/75/136 156/26/136
f 100/40/137 103/11/137 160/41/137 157/40/137
f 98/22/138 100/22/138 157/22/138 155/22/138
f 102/76/139 98/42/139 155/42/139 159/10/139
f 103/11/140 99/79/140 156/26/140 160/41/140
f 89/25/141 88/10/141 162/74/141 166/75/141
f 91/26/142 89/25/142 166/75/142 163/26/142
f 87/40/143 90/11/143 164/73/143 165/40/143
f 86/22/144 87/22/144 165/22/144 180/22/144 161/22/144
f 88/10/145 86/42/145 161/42/145 162/74/145
f 90/11/146 91/26/146 163/26/146 164/73/146
f 152/25/147 151/10/147 169/10/147 170/25/147
f 151/10/148 149/42/148 167/42/148 169/10/148
f 153/11/149 154/26/149 172/26/149 171/11/149
f 149/22/150 150/22/150 168/22/150 167/22/150
f 150/40/151 153/11/151 171/11/151 168/40/151
f 154/26/152 152/25/152 170/25/152 172/26/152
f 169/10/153 167/42/153 173/42/153 175/10/153
f 171/11/154 172/26/154 178/26/154 177/11/154
f 167/22/155 168/22/155 174/22/155 173/22/155
f 168/40/156 171/11/156 177/11/156 174/40/156
f 172/26/157 170/25/157 176/25/157 178/26/157
f 170/25/158 169/10/158 175/10/158 176/25/158
f 173/22/159 174/40/159 177/11/159 178/26/159
f 176/25/160 175/10/160 173/22/160 178/26/160
f 179/40/161 181/11/161 153/11/161 150/40/161
f 179/22/162 180/22/162 165/22/162
f 181/11/163 163/26/163 154/26/163 153/11/163
f 185/11/164 184/40/164 189/40/164 186/11/164
f 164/73/165 181/11/165 185/11/165 182/73/165
f 165/40/166 164/73/166 182/73/166 183/40/166
f 179/22/167 165/22/167 183/22/167 184/22/167
f 188/40/168 187/73/168 186/11/168 189/40/168
f 183/40/169 182/73/169 187/73/169 188/40/169
f 184/22/170 183/22/170 188/22/170 189/22/170
f 182/73/171 185/11/171 186/11/171 187/73/171
f 228/83/172 229/84/172 196/85/172 197/86/172
f 214/87/173 195/88/173 194/89/173 215/90/173
f 211/91/174 196/85/174 229/84/174 234/92/174
f 193/93/175 197/86/175 196/85/175 192/94/175
f 6/95/176 235/96/176 236/97/176 202/98/176
f 216/99/177 199/100/177 198/101/177 217/102/177
f 218/103/178 201/104/178 200/105/178 219/106/178
f 233/107/179 3/42/179 190/108/179 234/92/179
f 208/109/180 214/87/180 231/110/180 232/17/180
f 227/111/181 209/112/181 3/42/181 233/107/181
f 209/113/182 5/114/182 201/104/182 218/103/182
f 196/85/183 211/91/183 221/115/183 192/94/183
f 191/116/184 211/91/184 234/92/184 190/108/184
f 215/90/185 227/111/185 233/107/185 230/117/185
f 202/98/186 236/97/186 197/86/186 193/93/186 1/20/186
f 210/118/187 217/119/187 198/120/187 207/121/187
f 204/122/188 238/123/188 13/124/188 203/125/188 205/126/188
f 10/127/189 9/128/189 238/123/189 204/122/189
f 1/20/190 210/118/190 207/121/190 203/125/190
f 206/129/191 207/121/191 7/129/191
f 207/121/192 198/120/192 7/129/192
f 1/20/193 193/93/193 217/119/193 210/118/193
f 194/89/194 226/130/194 227/111/194 215/90/194
f 3/42/195 209/113/195 218/103/195 190/108/195
f 226/130/196 5/131/196 209/112/196 227/111/196
f 12/132/197 195/88/197 214/87/197 208/109/197
f 190/108/198 218/103/198 219/106/198 191/116/198
f 192/94/199 216/99/199 217/102/199 193/93/199
f 231/110/200 214/87/200 215/90/200 230/117/200
f 2/1/201 213/3/201 208/6/201 232/17/201
f 203/125/202 13/133/202 202/98/202 1/20/202
f 225/134/203 223/135/203 222/136/203 224/137/203
f 220/138/204 225/134/204 224/137/204 221/115/204
f 191/116/205 219/106/205 225/139/205 220/138/205
f 211/91/206 191/116/206 220/138/206 221/115/206
f 192/94/207 221/115/207 224/137/207 216/99/207
f 216/99/208 224/137/208 222/136/208 199/100/208
f 219/106/209 200/105/209 223/140/209 225/139/209
f 203/125/210 207/121/210 206/129/210 205/141/210
f 234/92/211 229/84/211 230/117/211 233/107/211
f 232/17/212 235/96/212 6/142/212 2/1/212
f 236/97/213 235/96/213 228/83/213 197/86/213
f 231/110/214 228/83/214 235/96/214 232/17/214
f 230/117/215 229/84/215 228/83/215 231/110/215
f 11/1/216 2/1/216 6/142/216 237/143/216
f 237/36/217 6/144/217 202/145/217 13/146/217
f 13/147/218 238/148/218 9/33/218 237/36/218
f 244/1/219 240/1/219 423/3/219 422/2/219
f 422/2/220 423/3/220 4/4/220 8/4/220
f 423/3/221 418/6/221 12/5/221 4/4/221
f 54/7/222 272/10/222 249/9/222 19/8/222
f 274/11/223 273/14/223 247/13/223 252/12/223
f 40/15/224 263/15/224 262/17/224 38/16/224
f 273/14/225 53/19/225 21/18/225 247/13/225
f 246/20/226 261/20/226 24/21/226 250/21/226
f 249/9/227 275/22/227 276/22/227 252/12/227
f 248/17/228 251/15/228 259/24/228 254/23/228
f 254/23/229 259/24/229 258/26/229 253/25/229
f 246/20/230 250/21/230 30/28/230 256/27/230
f 256/27/231 30/28/231 29/30/231 255/29/231
f 251/15/232 246/20/232 256/27/232 259/24/232
f 259/24/233 256/27/233 255/29/233 258/26/233
f 18/16/234 248/17/234 254/23/234 32/31/234
f 32/31/235 254/23/235 253/25/235 257/32/235
f 247/13/236 21/18/236 41/34/236 260/33/236
f 18/16/237 38/16/237 262/17/237 248/17/237
f 24/21/238 261/20/238 263/15/238 40/15/238
f 260/33/239 243/33/239 444/36/239 264/35/239
f 252/12/240 247/13/240 260/33/240 264/35/240
f 249/9/241 252/12/241 264/35/241 265/37/241
f 265/37/242 43/38/242 19/8/242 249/9/242
f 264/35/243 444/36/243 244/37/243 265/37/243
f 265/37/244 244/37/244 422/39/244 8/38/244 43/38/244
f 41/34/245 10/34/245 243/33/245 260/33/245
f 248/17/246 267/17/246 268/15/246 251/15/246
f 261/20/247 269/20/247 271/15/247 263/15/247
f 251/15/248 268/15/248 266/20/248 246/20/248
f 263/15/249 271/15/249 270/17/249 262/17/249
f 262/17/250 270/17/250 267/17/250 248/17/250
f 246/20/251 266/20/251 269/20/251 261/20/251
f 252/12/252 276/40/252 279/11/252 274/11/252
f 255/29/253 29/30/253 53/19/253 273/14/253
f 258/26/254 255/29/254 273/14/254 274/11/254
f 257/32/255 253/25/255 272/10/255 54/7/255
f 379/41/256 309/11/256 310/26/256 375/26/256
f 378/10/257 307/10/257 305/42/257 374/42/257
f 272/10/258 277/10/258 275/42/258 249/9/258
f 274/11/259 279/11/259 280/26/259 258/26/259
f 253/25/260 278/25/260 277/10/260 272/10/260
f 258/26/261 280/26/261 278/25/261 253/25/261
f 364/43/262 286/15/262 285/17/262 362/44/262
f 365/45/263 284/20/263 286/15/263 364/43/263
f 366/46/264 282/17/264 283/15/264 363/47/264
f 367/48/265 281/20/265 284/20/265 365/45/265
f 362/44/266 285/17/266 282/17/266 366/46/266
f 363/47/267 283/15/267 281/20/267 367/48/267
f 298/49/268 290/52/268 292/51/268 296/50/268
f 297/53/269 287/56/269 291/55/269 295/54/269
f 296/50/270 292/51/270 289/58/270 294/57/270
f 295/54/271 291/55/271 290/52/271 298/49/271
f 294/57/272 289/58/272 288/60/272 293/59/272
f 293/59/273 288/60/273 287/56/273 297/53/273
f 271/15/274 293/59/274 297/53/274 270/17/274
f 269/20/275 294/57/275 293/59/275 271/15/275
f 267/17/276 295/54/276 298/49/276 268/15/276
f 266/20/277 296/50/277 294/57/277 269/20/277
f 270/17/278 297/53/278 295/54/278 267/17/278
f 268/15/279 298/49/279 296/50/279 266/20/279
f 334/61/280 300/64/280 304/63/280 332/62/280
f 333/65/281 299/68/281 303/67/281 331/66/281
f 332/62/282 304/63/282 302/70/282 330/69/282
f 331/66/283 303/67/283 300/64/283 334/61/283
f 330/69/284 302/70/284 301/72/284 329/71/284
f 329/71/285 301/72/285 299/68/285 333/65/285
f 383/73/286 400/11/286 382/26/286
f 381/74/287 370/10/287 368/42/287 380/42/287
f 374/22/288 305/22/288 306/22/288 376/22/288
f 376/40/289 306/40/289 309/11/289 379/41/289
f 375/26/290 310/26/290 308/25/290 377/75/290
f 377/75/291 308/25/291 307/10/291 378/10/291
f 328/25/292 316/25/292 312/77/292 323/76/292
f 326/26/293 313/26/293 316/25/293 328/25/293
f 327/40/294 315/40/294 314/11/294 324/41/294
f 325/22/295 311/22/295 315/22/295 327/22/295
f 323/76/296 312/77/296 311/42/296 325/42/296
f 324/41/297 314/11/297 313/26/297 326/26/297
f 316/25/298 320/78/298 321/76/298 312/77/298
f 313/26/299 318/79/299 320/78/299 316/25/299
f 315/40/300 319/40/300 322/11/300 314/11/300
f 311/22/301 317/22/301 319/22/301 315/22/301
f 312/77/302 321/76/302 317/42/302 311/42/302
f 314/11/303 322/11/303 318/79/303 313/26/303
f 346/41/304 324/41/304 326/26/304 342/26/304
f 345/80/305 323/76/305 325/42/305 341/42/305
f 341/22/306 325/22/306 327/22/306 343/22/306
f 343/81/307 327/40/307 324/41/307 346/41/307
f 342/26/308 326/26/308 328/25/308 344/25/308
f 344/25/309 328/25/309 323/76/309 345/80/309
f 288/60/310 329/71/310 333/65/310 287/56/310
f 289/58/311 330/69/311 329/71/311 288/60/311
f 291/55/312 331/66/312 334/61/312 290/52/312
f 292/51/313 332/62/313 330/69/313 289/58/313
f 287/56/314 333/65/314 331/66/314 291/55/314
f 290/52/315 334/61/315 332/62/315 292/51/315
f 278/25/316 340/82/316 335/77/316 277/10/316
f 280/26/317 338/26/317 340/82/317 278/25/317
f 276/40/318 339/40/318 336/41/318 279/11/318
f 275/22/319 337/22/319 339/22/319 276/22/319
f 277/10/320 335/77/320 337/42/320 275/42/320
f 279/11/321 336/41/321 338/26/321 280/26/321
f 340/82/322 344/25/322 345/80/322 335/77/322
f 338/26/323 342/26/323 344/25/323 340/82/323
f 339/40/324 343/81/324 346/41/324 336/41/324
f 337/22/325 341/22/325 343/22/325 339/22/325
f 335/77/326 345/80/326 341/42/326 337/42/326
f 336/41/327 346/41/327 342/26/327 338/26/327
f 361/20/328 354/20/328 353/20/328 357/20/328
f 285/17/329 351/17/329 348/17/329 282/17/329
f 283/15/330 349/15/330 347/20/330 281/20/330
f 286/15/331 352/15/331 351/17/331 285/17/331
f 284/20/332 350/20/332 352/15/332 286/15/332
f 282/17/333 348/17/333 349/15/333 283/15/333
f 354/20/334 356/20/334 355/20/334 353/20/334
f 357/20/335 353/20/335 355/20/335 359/20/335
f 360/20/336 356/20/336 354/20/336 358/20/336
f 359/22/119 355/22/119 356/22/119 360/22/119
f 350/22/119 359/22/119 360/22/119 347/22/119
f 347/20/337 360/20/337 358/20/337 281/20/337
f 284/20/338 357/20/338 359/20/338 350/20/338
f 281/20/339 361/20/339 357/20/339 284/20/339
f 358/20/340 354/20/340 361/20/340
f 358/20/341 361/20/341 281/20/341
f 300/64/342 363/47/342 367/48/342 304/63/342
f 299/68/343 362/44/343 366/46/343 303/67/343
f 304/63/344 367/48/344 365/45/344 302/70/344
f 303/67/345 366/46/345 363/47/345 300/64/345
f 302/70/346 365/45/346 364/43/346 301/72/346
f 301/72/347 364/43/347 362/44/347 299/68/347
f 349/15/119 352/15/119 350/20/119 347/22/119
f 348/17/119 351/17/119 352/15/119 349/15/119
f 380/22/348 368/22/348 369/22/348 398/22/348 399/22/348
f 400/11/349 404/11/349 403/40/349 398/40/349
f 382/26/350 373/26/350 371/25/350 385/75/350
f 385/75/351 371/25/351 370/10/351 381/74/351
f 320/78/352 377/75/352 378/10/352 321/76/352
f 318/79/353 375/26/353 377/75/353 320/78/353
f 319/40/354 376/40/354 379/41/354 322/11/354
f 317/22/355 374/22/355 376/22/355 319/22/355
f 321/76/356 378/10/356 374/42/356 317/42/356
f 322/11/357 379/41/357 375/26/357 318/79/357
f 308/25/358 385/75/358 381/74/358 307/10/358
f 310/26/359 382/26/359 385/75/359 308/25/359
f 306/40/360 384/40/360 383/73/360 309/11/360
f 305/22/361 380/22/361 399/22/361 384/22/361 306/22/361
f 307/10/362 381/74/362 380/42/362 305/42/362
f 309/11/363 383/73/363 382/26/363 310/26/363
f 371/25/364 389/25/364 388/10/364 370/10/364
f 370/10/365 388/10/365 386/42/365 368/42/365
f 372/11/366 390/11/366 391/26/366 373/26/366
f 368/22/367 386/22/367 387/22/367 369/22/367
f 369/40/368 387/40/368 390/11/368 372/11/368
f 373/26/369 391/26/369 389/25/369 371/25/369
f 388/10/370 394/10/370 392/42/370 386/42/370
f 390/11/371 396/11/371 397/26/371 391/26/371
f 386/22/372 392/22/372 393/22/372 387/22/372
f 387/40/373 393/40/373 396/11/373 390/11/373
f 391/26/374 397/26/374 395/25/374 389/25/374
f 389/25/375 395/25/375 394/10/375 388/10/375
f 392/22/376 397/26/376 396/11/376 393/40/376
f 395/25/377 397/26/377 392/22/377 394/10/377
f 398/40/378 369/40/378 372/11/378 400/11/378
f 398/22/379 384/22/379 399/22/379
f 400/11/380 372/11/380 373/26/380 382/26/380
f 404/11/381 405/11/381 408/40/381 403/40/381
f 383/73/382 401/73/382 404/11/382 400/11/382
f 384/40/383 402/40/383 401/73/383 383/73/383
f 398/22/384 403/22/384 402/22/384 384/22/384
f 407/40/385 408/40/385 405/11/385 406/73/385
f 402/40/386 407/40/386 406/73/386 401/73/386
f 403/22/387 408/22/387 407/22/387 402/22/387
f 401/73/388 406/73/388 405/11/388 404/11/388
f 435/83/389 414/86/389 413/85/389 436/84/389
f 424/87/390 425/90/390 194/89/390 195/88/390
f 421/91/391 441/92/391 436/84/391 413/85/391
f 412/93/392 411/94/392 413/85/392 414/86/392
f 242/95/393 415/98/393 443/97/393 442/96/393
f 426/99/394 427/102/394 198/101/394 199/100/394
f 428/103/395 429/106/395 200/105/395 201/104/395
f 440/107/396 441/92/396 409/108/396 241/42/396
f 418/109/397 439/17/397 438/110/397 424/87/397
f 434/111/398 440/107/398 241/42/398 419/112/398
f 419/113/399 428/103/399 201/104/399 5/114/399
f 413/85/400 411/94/400 431/115/400 421/91/400
f 410/116/401 409/108/401 441/92/401 421/91/401
f 425/90/402 437/117/402 440/107/402 434/111/402
f 415/98/403 239/20/403 412/93/403 414/86/403 443/97/403
f 420/118/404 417/121/404 198/120/404 427/119/404
f 204/122/405 205/126/405 416/125/405 245/124/405 445/123/405
f 10/127/406 204/122/406 445/123/406 243/128/406
f 239/20/407 416/125/407 417/121/407 420/118/407
f 206/129/408 7/129/408 417/121/408
f 417/121/409 7/129/409 198/120/409
f 239/20/410 420/118/410 427/119/410 412/93/410
f 194/89/411 425/90/411 434/111/411 226/130/411
f 241/42/412 409/108/412 428/103/412 419/113/412
f 226/130/413 434/111/413 419/112/413 5/131/413
f 12/132/414 418/109/414 424/87/414 195/88/414
f 409/108/415 410/116/415 429/106/415 428/103/415
f 411/94/416 412/93/416 427/102/416 426/99/416
f 438/110/417 437/117/417 425/90/417 424/87/417
f 240/1/418 439/17/418 418/6/418 423/3/418
f 416/125/419 239/20/419 415/98/419 245/133/419
f 433/134/420 432/137/420 222/136/420 223/135/420
f 430/138/421 431/115/421 432/137/421 433/134/421
f 410/116/422 430/138/422 433/139/422 429/106/422
f 421/91/423 431/115/423 430/138/423 410/116/423
f 411/94/424 426/99/424 432/137/424 431/115/424
f 426/99/425 199/100/425 222/136/425 432/137/425
f 429/106/426 433/139/426 223/140/426 200/105/426
f 416/125/427 205/141/427 206/129/427 417/121/427
f 441/92/428 440/107/428 437/117/428 436/84/428
f 439/17/429 240/1/429 242/142/429 442/96/429
f 443/97/430 414/86/430 435/83/430 442/96/430
f 438/110/431 439/17/431 442/96/431 435/83/431
f 437/117/432 438/110/432 435/83/432 436/84/432
f 244/1/433 444/143/433 242/142/433 240/1/433
f 444/36/434 245/146/434 415/145/434 242/144/434
f 245/147/435 444/36/435 243/33/435 445/148/435
o Ear
v 0.101142 1.760553 -0.026921
v 0.091323 1.714667 -0.009094
v 0.109065 1.760673 -0.022768
v 0.097666 1.714565 -0.005947
v 0.088422 1.774050 -0.005618
v 0.077500 1.718401 0.012820
v 0.096197 1.774241 -0.001164
v 0.085151 1.718073 0.017463
v 0.099581 1.745643 -0.026216
v 0.095617 1.730014 -0.020180
v 0.103128 1.729832 -0.015527
v 0.107185 1.745834 -0.021724
v 0.086763 1.729087 0.014881
v 0.092106 1.755253 0.006312
v 0.079021 1.729278 0.010668
v 0.084294 1.755191 0.002212
v 0.101867 1.774284 -0.010508
v 0.106562 1.767871 -0.019278
v 0.094817 1.709839 0.004159
v 0.086852 1.707473 0.013526
v 0.098957 1.768402 -0.023725
v 0.094359 1.774854 -0.015132
v 0.079100 1.706954 0.009299
v 0.087040 1.709363 0.000110
v 0.087484 1.751347 -0.007797
v 0.092234 1.748483 -0.016479
v 0.084777 1.730223 0.001061
v 0.087513 1.730112 -0.008995
v 0.089575 1.726016 0.002378
v 0.098347 1.753137 -0.012209
v 0.099313 1.749608 -0.013553
v 0.098630 1.743088 -0.013323
v 0.101671 1.743924 -0.014976
v 0.102781 1.752670 -0.015590
v 0.101305 1.756902 -0.013536
v 0.089689 1.721318 0.005793
v 0.088690 1.727571 0.008113
v 0.092791 1.749476 0.001538
v 0.095198 1.760671 -0.002862
v 0.096061 1.725496 -0.005679
v 0.099281 1.734497 -0.011324
v 0.089639 1.734045 0.006592
v 0.098539 1.760684 -0.008367
v 0.094390 1.722721 0.000273
v 0.088931 1.731152 0.003897
v 0.091862 1.747317 -0.000737
v 0.093715 1.755551 -0.004180
v 0.094341 1.729571 -0.006261
v 0.096883 1.736202 -0.010664
v 0.089534 1.735872 0.002996
v 0.094119 1.745920 -0.004742
v 0.091954 1.736212 -0.001244
v 0.096313 1.755994 -0.008406
v 0.093093 1.727086 -0.001689
v 0.096258 1.744630 -0.008652
v 0.094138 1.736384 -0.005292
v -0.101142 1.760553 -0.026921
v -0.091323 1.714667 -0.009094
v -0.109065 1.760673 -0.022768
v -0.097666 1.714565 -0.005947
v -0.088422 1.774050 -0.005618
v -0.077500 1.718401 0.012820
v -0.096197 1.774241 -0.001164
v -0.085151 1.718073 0.017463
v -0.099582 1.745643 -0.026216
v -0.095617 1.730014 -0.020180
v -0.103128 1.729832 -0.015527
v -0.107185 1.745834 -0.021724
v -0.086763 1.729087 0.014881
v -0.092106 1.755253 0.006312
v -0.079021 1.729278 0.010668
v -0.084294 1.755191 0.002212
v -0.101867 1.774284 -0.010508
v -0.106562 1.767871 -0.019278
v -0.094817 1.709839 0.004159
v -0.086852 1.707473 0.013526
v -0.098957 1.768402 -0.023725
v -0.094359 1.774854 -0.015132
v -0.079100 1.706954 0.009299
v -0.087040 1.709363 0.000110
v -0.087484 1.751347 -0.007797
v -0.092234 1.748483 -0.016479
v -0.084777 1.730223 0.001061
v -0.087513 1.730112 -0.008995
v -0.089575 1.726016 0.002378
v -0.098347 1.753137 -0.012209
v -0.099313 1.749608 -0.013553
v -0.098630 1.743088 -0.013323
v -0.101671 1.743924 -0.014976
v -0.102781 1.752670 -0.015590
v -0.101305 1.756902 -0.013536
v -0.089689 1.721318 0.005793
v -0.088690 1.727571 0.008113
v -0.092791 1.749476 0.001538
v -0.095198 1.760671 -0.002862
v -0.096061 1.725496 -0.005679
v -0.099281 1.734497 -0.011324
v -0.089639 1.734045 0.006592
v -0.098539 1.760684 -0.008367
v -0.094390 1.722721 0.000273
v -0.088931 1.731152 0.003897
v -0.091862 1.747317 -0.000737
v -0.093715 1.755551 -0.004180
v -0.094341 1.729571 -0.006261
v -0.096883 1.736202 -0.010664
v -0.089534 1.735872 0.002996
v -0.094119 1.745920 -0.004742
v -0.091954 1.736212 -0.001244
v -0.096313 1.755994 -0.008406
v -0.093093 1.727086 -0.001689
v -0.096258 1.744630 -0.008652
v -0.094138 1.736384 -0.005292
vn 0.3840 -0.5976 -0.7039
vn 0.7657 0.0541 0.6409
vn -0.4764 0.2504 0.8428
vn -0.8146 -0.1974 -0.5453
vn -0.0014 0.9990 0.0440
vn 0.2197 -0.8966 -0.3846
vn -0.7856 0.0460 -0.6170
vn -0.8060 -0.0292 -0.5912
vn -0.4424 0.4171 0.7939
vn -0.4377 0.3588 0.8245
vn 0.8482 -0.1267 0.5142
vn 0.7726 -0.0384 0.6337
vn 0.4853 -0.1071 -0.8677
vn 0.4701 -0.4195 -0.7765
vn 0.7868 0.1005 0.6089
vn 0.7135 0.2242 0.6638
vn 0.9574 -0.1078 0.2678
vn 0.7809 -0.0553 0.6222
vn -0.9098 0.0015 -0.4152
vn -0.9274 0.0198 -0.3737
vn -0.8983 0.0786 -0.4323
vn -0.8532 0.0950 -0.5129
vn -0.4650 -0.3454 0.8151
vn 0.1356 -0.9813 -0.1363
vn 0.4358 0.4753 -0.7643
vn 0.3269 0.8346 -0.4434
vn -0.8623 0.0279 -0.5055
vn -0.8685 -0.0719 -0.4904
vn 0.9371 0.1292 0.3241
vn 0.9594 -0.1034 0.2623
vn 0.9586 -0.2585 -0.1196
vn 0.6044 0.4740 0.6403
vn 0.9835 -0.1562 -0.0910
vn 0.9871 0.1002 0.1252
vn 0.8012 0.4160 0.4302
vn 0.4120 0.2360 0.8801
vn 0.5875 -0.1623 0.7928
vn 0.7040 -0.3363 0.6256
vn 0.4886 0.3371 0.8047
vn 0.9307 0.0134 0.3657
vn 0.8359 -0.1203 0.5355
vn 0.9549 -0.0723 0.2881
vn 0.8730 -0.0269 0.4869
vn 0.8617 0.0065 0.5074
vn 0.8689 -0.0154 0.4948
vn 0.8871 -0.0439 0.4595
vn 0.8769 -0.0259 0.4800
vn 0.8624 -0.0317 0.5053
vn 0.8761 -0.0147 0.4819
vn 0.9296 -0.0245 0.3677
vn 0.8108 0.0728 0.5808
vn 0.8012 -0.3682 0.4717
vn 0.4978 -0.0105 0.8672
vn 0.9570 -0.2456 -0.1546
vn -0.3840 -0.5976 -0.7039
vn -0.7657 0.0541 0.6409
vn 0.4764 0.2504 0.8428
vn 0.8146 -0.1974 -0.5453
vn 0.0014 0.9990 0.0440
vn -0.2197 -0.8966 -0.3846
vn 0.7856 0.0460 -0.6170
vn 0.8060 -0.0292 -0.5912
vn 0.4424 0.4171 0.7939
vn 0.4377 0.3588 0.8245
vn -0.8482 -0.1267 0.5142
vn -0.7726 -0.0384 0.6337
vn -0.4853 -0.1071 -0.8677
vn -0.4701 -0.4195 -0.7765
vn -0.7868 0.1005 0.6089
vn -0.7135 0.2242 0.6638
vn -0.9574 -0.1078 0.2678
vn -0.7809 -0.0553 0.6222
vn 0.9098 0.0015 -0.4152
vn 0.9274 0.0198 -0.3737
vn 0.8983 0.0786 -0.4323
vn 0.8532 0.0950 -0.5129
vn 0.4650 -0.3454 0.8151
vn -0.1356 -0.9813 -0.1363
vn -0.4358 0.4753 -0.7643
vn -0.3269 0.8346 -0.4434
vn 0.8624 0.0279 -0.5055
vn 0.8685 -0.0719 -0.4904
vn -0.9371 0.1292 0.3241
vn -0.9594 -0.1034 0.2623
vn -0.9586 -0.2585 -0.1196
vn -0.6044 0.4740 0.6403
vn -0.9835 -0.1562 -0.0910
vn -0.9871 0.1002 0.1252
vn -0.8012 0.4160 0.4302
vn -0.4119 0.2360 0.8801
vn -0.5875 -0.1623 0.7928
vn -0.7040 -0.3363 0.6256
vn -0.4886 0.3371 0.8047
vn -0.9307 0.0134 0.3656
vn -0.8359 -0.1203 0.5355
vn -0.9549 -0.0723 0.2881
vn -0.8730 -0.0269 0.4869
vn -0.8617 0.0065 0.5074
vn -0.8689 -0.0154 0.4948
vn -0.8871 -0.0439 0.4595
vn -0.8769 -0.0259 0.4800
vn -0.8624 -0.0317 0.5053
vn -0.8761 -0.0147 0.4819
vn -0.9296 -0.0245 0.3677
vn -0.8108 0.0728 0.5808
vn -0.8012 -0.3682 0.4717
vn -0.4978 -0.0105 0.8672
vn -0.9570 -0.2456 -0.1546
vt 0.541667 0.000000
vt 0.625000 0.000000
vt 0.625000 0.250000
vt 0.541667 0.250000
vt 0.458333 0.250000
vt 0.541667 0.500000
vt 0.625000 0.500000
vt 0.625000 0.750000
vt 0.541667 0.750000
vt 0.541667 0.916667
vt 0.625000 0.916667
vt 0.625000 1.000000
vt 0.541667 1.000000
vt 0.291667 0.500000
vt 0.375000 0.500000
vt 0.375000 0.750000
vt 0.291667 0.750000
vt 0.791667 0.500000
vt 0.875000 0.500000
vt 0.875000 0.750000
vt 0.791667 0.750000
vt 0.375000 0.916667
vt 0.458333 0.916667
vt 0.458333 1.000000
vt 0.375000 1.000000
vt 0.458333 0.500000
vt 0.458333 0.750000
vt 0.208333 0.500000
vt 0.125000 0.500000
vt 0.375000 0.000000
vt 0.458333 0.000000
vt 0.375000 0.250000
vt 0.708333 0.500000
vt 0.541667 0.833333
vt 0.458333 0.833333
vt 0.375000 0.833333
vt 0.708333 0.750000
vt 0.208333 0.750000
vt 0.125000 0.750000
vt 0.625000 0.833333
vt 0.541667 0.416667
vt 0.625000 0.416667
vt 0.375000 0.416667
vt 0.458333 0.416667
vt 0.541667 0.333333
vt 0.458333 0.333333
vt 0.375000 0.333333
vt 0.625000 0.333333
s 0
g Ear_Material.001
usemtl Material.001
f 455/149/436 456/152/436 449/151/436 447/150/436
f 457/153/437 478/153/437 486/152/437 456/152/437
f 458/154/438 460/157/438 451/156/438 453/155/438
f 473/158/439 455/161/439 447/160/439 469/159/439
f 462/162/440 467/165/440 450/164/440 452/163/440
f 464/166/441 469/169/441 447/168/441 449/167/441
f 466/170/442 446/173/442 454/172/442 471/171/442
f 471/171/443 454/172/443 455/161/443 473/158/443
f 452/163/444 450/164/444 461/175/444 459/174/444
f 459/174/445 461/175/445 460/157/445 458/154/445
f 452/163/446 484/163/446 488/162/446 462/162/446
f 463/176/447 480/176/447 479/177/447 448/177/447
f 446/178/448 448/180/448 457/153/448 454/179/448
f 454/179/449 457/153/449 456/152/449 455/149/449
f 456/152/450 486/152/450 485/151/450 449/151/450
f 464/166/451 489/166/451 481/181/451 465/181/451
f 458/154/452 487/154/452 483/174/452 459/174/452
f 448/180/453 479/180/453 478/153/453 457/153/453
f 461/175/454 470/183/454 472/182/454 460/157/454
f 470/183/455 471/171/455 473/158/455 472/182/455
f 450/164/456 467/184/456 470/183/456 461/175/456
f 467/184/457 466/170/457 471/171/457 470/183/457
f 453/155/458 451/156/458 468/185/458 465/181/458
f 465/181/459 468/185/459 469/169/459 464/166/459
f 448/177/460 446/187/460 466/186/460 463/176/460
f 463/176/461 466/186/461 467/165/461 462/162/461
f 460/157/462 472/182/462 468/188/462 451/156/462
f 472/182/463 473/158/463 469/159/463 468/188/463
f 449/167/464 485/167/464 489/166/464 464/166/464
f 459/174/465 483/174/465 484/163/465 452/163/465
f 483/174/466 491/174/466 492/163/466 484/163/466
f 489/166/467 499/166/467 474/181/467 481/181/467
f 482/155/468 490/155/468 495/154/468 487/154/468
f 481/181/469 474/181/469 490/155/469 482/155/469
f 485/167/470 493/167/470 499/166/470 489/166/470
f 478/153/471 477/153/471 494/152/471 486/152/471
f 480/176/472 475/176/472 476/177/472 479/177/472
f 488/162/473 498/162/473 475/176/473 480/176/473
f 486/152/474 494/152/474 493/151/474 485/151/474
f 465/181/475 481/181/475 482/155/475 453/155/475
f 462/162/476 488/162/476 480/176/476 463/176/476
f 453/155/477 482/155/477 487/154/477 458/154/477
f 497/189/478 495/154/478 490/155/478 474/190/478
f 498/191/479 492/163/479 491/174/479 496/192/479
f 496/192/480 491/174/480 495/154/480 497/189/480
f 477/153/481 500/194/481 501/193/481 494/152/481
f 500/194/482 496/192/482 497/189/482 501/193/482
f 476/180/483 475/195/483 500/194/483 477/153/483
f 475/195/484 498/191/484 496/192/484 500/194/484
f 494/152/485 501/193/485 499/196/485 493/151/485
f 501/193/486 497/189/486 474/190/486 499/196/486
f 484/163/487 492/163/487 498/162/487 488/162/487
f 479/180/488 476/180/488 477/153/488 478/153/488
f 487/154/489 495/154/489 491/174/489 483/174/489
f 511/149/490 503/150/490 505/151/490 512/152/490
f 513/153/491 512/152/491 542/152/491 534/153/491
f 514/154/492 509/155/492 507/156/492 516/157/492
f 529/158/493 525/159/493 503/160/493 511/161/493
f 518/162/494 508/163/494 506/164/494 523/165/494
f 520/166/495 505/167/495 503/168/495 525/169/495
f 522/170/496 527/171/496 510/172/496 502/173/496
f 527/171/497 529/158/497 511/161/497 510/172/497
f 508/163/498 515/174/498 517/175/498 506/164/498
f 515/174/499 514/154/499 516/157/499 517/175/499
f 508/163/500 518/162/500 544/162/500 540/163/500
f 519/176/501 504/177/501 535/177/501 536/176/501
f 502/178/502 510/179/502 513/153/502 504/180/502
f 510/179/503 511/149/503 512/152/503 513/153/503
f 512/152/504 505/151/504 541/151/504 542/152/504
f 520/166/505 521/181/505 537/181/505 545/166/505
f 514/154/506 515/174/506 539/174/506 543/154/506
f 504/180/507 513/153/507 534/153/507 535/180/507
f 517/175/508 516/157/508 528/182/508 526/183/508
f 526/183/509 528/182/509 529/158/509 527/171/509
f 506/164/510 517/175/510 526/183/510 523/184/510
f 523/184/511 526/183/511 527/171/511 522/170/511
f 509/155/512 521/181/512 524/185/512 507/156/512
f 521/181/513 520/166/513 525/169/513 524/185/513
f 504/177/514 519/176/514 522/186/514 502/187/514
f 519/176/515 518/162/515 523/165/515 522/186/515
f 516/157/516 507/156/516 524/188/516 528/182/516
f 528/182/517 524/188/517 525/159/517 529/158/517
f 505/167/518 520/166/518 545/166/518 541/167/518
f 515/174/519 508/163/519 540/163/519 539/174/519
f 539/174/520 540/163/520 548/163/520 547/174/520
f 545/166/521 537/181/521 530/181/521 555/166/521
f 538/155/522 543/154/522 551/154/522 546/155/522
f 537/181/523 538/155/523 546/155/523 530/181/523
f 541/167/524 545/166/524 555/166/524 549/167/524
f 534/153/525 542/152/525 550/152/525 533/153/525
f 536/176/526 535/177/526 532/177/526 531/176/526
f 544/162/527 536/176/527 531/176/527 554/162/527
f 542/152/528 541/151/528 549/151/528 550/152/528
f 521/181/529 509/155/529 538/155/529 537/181/529
f 518/162/530 519/176/530 536/176/530 544/162/530
f 509/155/531 514/154/531 543/154/531 538/155/531
f 553/189/532 530/190/532 546/155/532 551/154/532
f 554/191/533 552/192/533 547/174/533 548/163/533
f 552/192/534 553/189/534 551/154/534 547/174/534
f 533/153/535 550/152/535 557/193/535 556/194/535
f 556/194/536 557/193/536 553/189/536 552/192/536
f 532/180/537 533/153/537 556/194/537 531/195/537
f 531/195/538 556/194/538 552/192/538 554/191/538
f 550/152/539 549/151/539 555/196/539 557/193/539
f 557/193/540 555/196/540 530/190/540 553/189/540
f 540/163/541 544/162/541 554/162/541 548/163/541
f 535/180/542 534/153/542 533/153/542 532/180/542
f 543/154/543 539/174/543 547/174/543 551/154/543
o Hair
v 0.069121 1.666370 -0.056756
v 0.084672 1.847478 -0.059741
v -0.000000 1.664155 -0.097840
v 0.000000 1.870407 -0.100373
v 0.091584 1.736496 0.043380
v -0.000000 1.634092 -0.099215
v 0.061686 1.653008 -0.067375
v -0.000000 1.688028 -0.104719
v 0.091442 1.853332 -0.007322
v 0.089811 1.847049 0.031963
v 0.000000 1.792366 -0.137584
v -0.000000 1.758755 -0.132652
v 0.097768 1.786167 0.044023
v 0.093187 1.744768 0.042104
v -0.000000 1.885894 0.035315
v -0.000000 1.891727 -0.005790
v 0.045085 1.692874 -0.094382
v 0.054390 1.859542 -0.093277
v 0.098515 1.823023 0.030439
v 0.034885 1.644212 -0.087197
v 0.037142 1.670006 -0.088291
v 0.051884 1.751765 -0.116129
v 0.056057 1.788086 -0.122394
v 0.050368 1.878870 -0.005954
v 0.047323 1.872228 0.033657
v 0.080378 1.845206 0.066127
v 0.081776 1.823496 0.087059
v -0.000070 1.838837 0.108451
v -0.000000 1.863867 0.086025
v 0.048625 1.834283 0.095926
v 0.046856 1.856108 0.075034
v 0.000000 1.843132 -0.120176
v 0.054781 1.836402 -0.109878
v 0.102078 1.794103 -0.009381
v 0.096092 1.795131 -0.080131
v 0.090663 1.749307 -0.080563
v 0.080461 1.699832 -0.078385
v 0.091990 1.828731 -0.068363
v 0.099681 1.825364 -0.011139
v -0.006736 1.820934 0.116489
v 0.089883 1.727638 0.044614
v 0.085072 1.703345 0.048996
v 0.073980 1.813575 0.101232
v 0.088288 1.720008 0.031577
v 0.046686 1.818628 0.107325
v 0.088354 1.744997 0.060231
v 0.093369 1.782944 0.064575
v 0.083291 1.707919 0.062072
v 0.090922 1.803181 0.064388
v 0.089332 1.709597 -0.038347
v 0.101802 1.783063 -0.009551
v 0.093665 1.736182 0.018939
v 0.097324 1.758597 -0.039137
v 0.097944 1.756722 0.012269
v 0.077176 1.682595 -0.045402
v 0.100473 1.776933 0.006135
v 0.099714 1.775748 -0.035691
v -0.069121 1.666370 -0.056756
v -0.084672 1.847478 -0.059741
v -0.091584 1.736496 0.043380
v -0.061686 1.653008 -0.067375
v -0.091442 1.853332 -0.007322
v -0.089811 1.847049 0.031963
v -0.097768 1.786167 0.044023
v -0.093187 1.744768 0.042104
v -0.045085 1.692874 -0.094382
v -0.054390 1.859542 -0.093277
v -0.098513 1.823065 0.030403
v -0.034885 1.644212 -0.087197
v -0.037142 1.670006 -0.088291
v -0.051884 1.751765 -0.116129
v -0.056057 1.788086 -0.122394
v -0.050368 1.878870 -0.005954
v -0.047323 1.872228 0.033657
v -0.080378 1.845206 0.066127
v -0.081163 1.824196 0.087327
v -0.048689 1.834311 0.095875
v -0.046856 1.856108 0.075034
v -0.054781 1.836402 -0.109878
v -0.102078 1.794103 -0.009381
v -0.096092 1.795131 -0.080131
v -0.090663 1.749307 -0.080563
v -0.080461 1.699832 -0.078385
v -0.091990 1.828731 -0.068363
v -0.099681 1.825364 -0.011139
v -0.089883 1.727638 0.044614
v -0.085072 1.703345 0.048996
v -0.080409 1.810579 0.094776
v -0.088288 1.720008 0.031577
v -0.015688 1.816931 0.116580
v -0.088354 1.744997 0.060231
v -0.093369 1.782944 0.064575
v -0.083291 1.707919 0.062072
v -0.090964 1.803485 0.064146
v -0.089332 1.709597 -0.038347
v -0.101802 1.783063 -0.009551
v -0.093665 1.736182 0.018939
v -0.097324 1.758597 -0.039137
v -0.097944 1.756722 0.012269
v -0.077176 1.682595 -0.045402
v -0.100473 1.776933 0.006135
v -0.099714 1.775748 -0.035691
v 0.026064 1.783609 0.132190
v 0.036228 1.789623 0.125386
v 0.033730 1.764556 0.131220
v 0.041240 1.770281 0.127159
v 0.039761 1.759967 0.127536
v 0.012639 1.821701 0.115299
v 0.008525 1.795224 0.127113
v 0.018825 1.795492 0.123987
v 0.015001 1.782757 0.130376
v 0.022587 1.783677 0.128853
v 0.025417 1.771105 0.127835
v 0.042425 1.803338 0.116751
v 0.021140 1.797350 0.126339
v -0.090069 1.783327 0.105475
v -0.080627 1.780515 0.109245
v -0.087577 1.762120 0.102154
v -0.078644 1.759544 0.105621
v -0.079883 1.735192 0.098596
v -0.063341 1.813667 0.107381
v 0.055195 1.790059 0.119057
v 0.043257 1.791383 0.123676
v 0.050985 1.777855 0.125930
v 0.043863 1.779489 0.127188
v 0.048339 1.763859 0.125668
v 0.060813 1.670198 -0.050007
v 0.076091 1.840658 -0.056726
v 0.000000 1.665836 -0.086597
v 0.000000 1.860933 -0.094090
v 0.080524 1.738491 0.041673
v 0.000000 1.634259 -0.087848
v 0.054179 1.653092 -0.058838
v 0.000000 1.691876 -0.094022
v 0.082596 1.846192 -0.007220
v 0.080976 1.840266 0.029687
v 0.000000 1.791608 -0.126241
v 0.000000 1.761771 -0.121691
v 0.086571 1.786365 0.042066
v 0.082065 1.746364 0.040373
v 0.000000 1.874955 0.032221
v 0.000000 1.880361 -0.005571
v 0.040467 1.697202 -0.084939
v 0.049222 1.851180 -0.087567
v 0.087434 1.821139 0.028738
v 0.029781 1.644345 -0.077040
v 0.032092 1.672651 -0.078456
v 0.046776 1.754516 -0.106352
v 0.050380 1.787591 -0.112558
v 0.046013 1.868370 -0.005877
v 0.043165 1.862015 0.030892
v 0.072865 1.837979 0.061593
v 0.073280 1.819067 0.080942
v 0.000000 1.832238 0.099195
v 0.000000 1.854615 0.079420
v 0.045199 1.827325 0.087615
v 0.043064 1.847106 0.069218
v 0.000000 1.838109 -0.109978
v 0.049292 1.831884 -0.101007
v 0.090710 1.794121 -0.009296
v 0.085864 1.794551 -0.075201
v 0.080815 1.751368 -0.075270
v 0.071511 1.703876 -0.072658
v 0.081924 1.825481 -0.064196
v 0.088528 1.823186 -0.010797
v -0.005714 1.815932 0.106331
v 0.078802 1.729697 0.043125
v 0.073986 1.705098 0.047188
v 0.068361 1.808353 0.092841
v 0.077203 1.722510 0.031271
v 0.043527 1.812900 0.098027
v 0.077385 1.746546 0.057680
v 0.082332 1.783294 0.061876
v 0.072330 1.709472 0.059487
v 0.080014 1.802452 0.061271
v 0.078378 1.712417 -0.037206
v 0.090473 1.783998 -0.009549
v 0.082556 1.738432 0.018059
v 0.086105 1.759966 -0.037913
v 0.086693 1.757959 0.011218
v 0.066626 1.686769 -0.044691
v 0.089196 1.777875 0.005052
v 0.088438 1.776668 -0.034570
v -0.060813 1.670198 -0.050007
v -0.076091 1.840658 -0.056726
v -0.080524 1.738491 0.041673
v -0.054179 1.653092 -0.058838
v -0.082596 1.846192 -0.007220
v -0.080976 1.840266 0.029687
v -0.086571 1.786365 0.042066
v -0.082065 1.746364 0.040373
v -0.040467 1.697202 -0.084939
v -0.049222 1.851180 -0.087567
v -0.087434 1.821139 0.028738
v -0.029781 1.644345 -0.077040
v -0.032092 1.672651 -0.078456
v -0.046776 1.754516 -0.106352
v -0.050380 1.787591 -0.112558
v -0.046013 1.868370 -0.005877
v -0.043165 1.862015 0.030892
v -0.072865 1.837979 0.061593
v -0.073280 1.819067 0.080942
v -0.045199 1.827325 0.087615
v -0.043064 1.847106 0.069218
v -0.049292 1.831884 -0.101007
v -0.090710 1.794121 -0.009296
v -0.085864 1.794551 -0.075201
v -0.080815 1.751368 -0.075270
v -0.071511 1.703876 -0.072658
v -0.081924 1.825481 -0.064196
v -0.088528 1.823186 -0.010797
v -0.078802 1.729697 0.043125
v -0.073986 1.705098 0.047188
v -0.073551 1.805920 0.086997
v -0.077203 1.722510 0.031271
v -0.012704 1.811746 0.106913
v -0.077385 1.746546 0.057680
v -0.082332 1.783294 0.061876
v -0.072330 1.709472 0.059487
v -0.080014 1.802452 0.061271
v -0.078378 1.712417 -0.037206
v -0.090473 1.783998 -0.009549
v -0.082556 1.738432 0.018059
v -0.086105 1.759966 -0.037913
v -0.086693 1.757959 0.011218
v -0.066626 1.686769 -0.044691
v -0.089196 1.777875 0.005052
v -0.088438 1.776668 -0.034570
v 0.021836 1.780373 0.122146
v 0.032427 1.785610 0.115452
v 0.028430 1.763805 0.121191
v 0.036052 1.769198 0.117102
v 0.034060 1.760582 0.117720
v 0.010577 1.816555 0.105374
v 0.006766 1.790769 0.116804
v 0.016952 1.791013 0.113707
v 0.012571 1.779857 0.119656
v 0.020078 1.781665 0.117949
v 0.022771 1.771669 0.116793
v 0.039544 1.798108 0.107077
v 0.018150 1.792184 0.116664
v -0.084640 1.781971 0.095579
v -0.075702 1.779427 0.099056
v -0.082937 1.764670 0.092094
v -0.073999 1.762126 0.095572
v -0.075226 1.737847 0.088571
v -0.059826 1.809065 0.097599
v 0.051728 1.785449 0.109260
v 0.039746 1.786938 0.113819
v 0.048022 1.776080 0.115100
v 0.040734 1.777208 0.116499
v 0.046332 1.764735 0.114513
vn 0.6568 0.0208 -0.7538
vn 0.2882 -0.0068 -0.9575
vn 0.2609 -0.2991 -0.9179
vn 0.9414 0.0520 0.3332
vn 0.2617 -0.1678 -0.9504
vn 0.9974 0.0380 0.0616
vn 0.2615 0.9523 0.1571
vn 0.9297 0.3443 -0.1304
vn 0.5617 -0.2614 -0.7850
vn 0.7195 0.4506 -0.5285
vn 0.2291 0.9510 -0.2075
vn 0.9642 0.0890 0.2498
vn 0.9507 0.3031 0.0652
vn 0.7143 0.2416 -0.6568
vn 0.2416 0.2834 -0.9281
vn 0.5161 0.8411 -0.1617
vn 0.2182 0.5724 -0.7904
vn 0.2419 -0.3583 -0.9017
vn 0.5160 0.8399 0.1682
vn 0.7004 -0.1317 -0.7015
vn 0.5114 -0.5140 -0.6887
vn 0.2586 0.6608 0.7046
vn 0.3861 0.6535 0.6510
vn 0.4434 0.8572 0.2619
vn 0.9108 0.3146 0.2673
vn 0.2531 0.8933 0.3713
vn 0.9882 0.1147 -0.1017
vn 0.9175 -0.3827 -0.1086
vn 0.9726 -0.1840 -0.1424
vn 0.9906 -0.0759 -0.1134
vn 0.9647 -0.1371 0.2248
vn 0.9807 -0.1952 -0.0057
vn 0.3367 0.5985 0.7269
vn 0.9662 -0.1342 0.2202
vn 0.9806 -0.1765 0.0857
vn 0.9921 -0.0808 0.0958
vn 0.9690 -0.2389 0.0632
vn 0.0406 0.3966 0.9171
vn -0.6568 0.0208 -0.7538
vn -0.2882 -0.0068 -0.9575
vn -0.2609 -0.2991 -0.9179
vn -0.9488 0.1235 0.2908
vn -0.2617 -0.1678 -0.9504
vn -0.9974 0.0381 0.0616
vn -0.2615 0.9523 0.1571
vn -0.9297 0.3443 -0.1304
vn -0.5617 -0.2614 -0.7850
vn -0.7195 0.4506 -0.5285
vn -0.2291 0.9510 -0.2075
vn -0.9643 0.0889 0.2495
vn -0.9507 0.3033 0.0651
vn -0.7143 0.2416 -0.6568
vn -0.2416 0.2834 -0.9281
vn -0.5161 0.8411 -0.1617
vn -0.2182 0.5724 -0.7904
vn -0.2419 -0.3583 -0.9017
vn -0.5160 0.8399 0.1682
vn -0.7004 -0.1317 -0.7015
vn -0.5114 -0.5140 -0.6887
vn -0.2589 0.6612 0.7042
vn -0.3814 0.6595 0.6478
vn -0.4434 0.8572 0.2619
vn -0.9114 0.3102 0.2704
vn -0.2531 0.8933 0.3713
vn -0.9882 0.1147 -0.1017
vn -0.9175 -0.3827 -0.1086
vn -0.9726 -0.1840 -0.1424
vn -0.9906 -0.0759 -0.1134
vn -0.9647 -0.1371 0.2248
vn -0.9807 -0.1952 -0.0057
vn -0.3177 0.5774 0.7521
vn -0.9662 -0.1342 0.2202
vn -0.9806 -0.1765 0.0857
vn -0.9921 -0.0808 0.0958
vn -0.9690 -0.2389 0.0632
vn -0.2535 0.4902 0.8340
vn 0.2783 0.4381 0.8548
vn 0.4362 0.1625 0.8851
vn 0.4987 -0.0399 0.8659
vn 0.2076 0.3881 0.8979
vn 0.2495 0.5321 0.8091
vn 0.1193 0.3891 0.9135
vn 0.2006 -0.0341 0.9791
vn 0.2454 0.4653 0.8504
vn -0.1976 0.1574 0.9676
vn -0.4075 -0.1903 0.8931
vn -0.4096 -0.2336 0.8819
vn 0.3024 0.4378 0.8467
vn -0.4887 0.3812 0.7847
vn 0.3246 0.3330 0.8853
vn 0.1627 -0.0492 0.9855
vn -0.6604 0.0074 0.7509
vn -0.2963 0.0140 0.9550
vn -0.2672 0.2963 0.9169
vn -0.9554 -0.0410 -0.2924
vn -0.2628 0.1772 0.9485
vn -0.9975 -0.0348 -0.0612
vn -0.2685 -0.9499 -0.1601
vn -0.9364 -0.3260 0.1296
vn -0.5447 0.2636 0.7961
vn -0.7251 -0.4437 0.5267
vn -0.2305 -0.9522 0.2005
vn -0.9633 -0.0912 -0.2525
vn -0.9593 -0.2754 -0.0628
vn -0.7132 -0.2446 0.6569
vn -0.2403 -0.2870 0.9273
vn -0.5097 -0.8455 0.1592
vn -0.2165 -0.5581 0.8010
vn -0.2442 0.3596 0.9006
vn -0.5053 -0.8457 -0.1716
vn -0.6988 0.1358 0.7023
vn -0.5079 0.5127 0.6922
vn -0.2667 -0.6542 -0.7077
vn -0.3611 -0.6632 -0.6555
vn -0.4290 -0.8645 -0.2618
vn -0.9208 -0.2916 -0.2589
vn -0.2609 -0.8924 -0.3681
vn -0.9890 -0.1155 0.0923
vn -0.9281 0.3672 0.0625
vn -0.9764 0.1792 0.1208
vn -0.9918 0.0809 0.0986
vn -0.9642 0.1366 -0.2274
vn -0.9808 0.1944 0.0144
vn -0.3095 -0.5845 -0.7500
vn -0.9656 0.1359 -0.2215
vn -0.9804 0.1779 -0.0848
vn -0.9920 0.0829 -0.0952
vn -0.9686 0.2410 -0.0611
vn -0.0392 -0.3891 -0.9204
vn 0.6604 0.0074 0.7509
vn 0.2963 0.0140 0.9550
vn 0.2672 0.2963 0.9169
vn 0.9632 -0.0906 -0.2532
vn 0.2628 0.1772 0.9485
vn 0.9975 -0.0348 -0.0612
vn 0.2685 -0.9499 -0.1601
vn 0.9364 -0.3260 0.1296
vn 0.5447 0.2636 0.7961
vn 0.7251 -0.4437 0.5267
vn 0.2305 -0.9522 0.2005
vn 0.9633 -0.0912 -0.2525
vn 0.9593 -0.2754 -0.0628
vn 0.7132 -0.2446 0.6569
vn 0.2403 -0.2870 0.9273
vn 0.5097 -0.8455 0.1592
vn 0.2165 -0.5581 0.8010
vn 0.2442 0.3596 0.9006
vn 0.5053 -0.8457 -0.1716
vn 0.6988 0.1358 0.7023
vn 0.5079 0.5127 0.6922
vn 0.2667 -0.6542 -0.7077
vn 0.3611 -0.6632 -0.6555
vn 0.4290 -0.8645 -0.2618
vn 0.9208 -0.2916 -0.2589
vn 0.2609 -0.8924 -0.3681
vn 0.9890 -0.1155 0.0923
vn 0.9281 0.3672 0.0625
vn 0.9764 0.1792 0.1208
vn 0.9918 0.0809 0.0986
vn 0.9642 0.1366 -0.2274
vn 0.9808 0.1944 0.0144
vn 0.3035 -0.5807 -0.7554
vn 0.9656 0.1359 -0.2215
vn 0.9804 0.1779 -0.0848
vn 0.9920 0.0829 -0.0952
vn 0.9686 0.2410 -0.0611
vn 0.2601 -0.4774 -0.8393
vn -0.2776 -0.4459 -0.8510
vn -0.4355 -0.1536 -0.8870
vn -0.5015 0.0540 -0.8635
vn -0.1966 -0.4001 -0.8952
vn -0.2544 -0.5234 -0.8132
vn -0.1272 -0.3862 -0.9136
vn -0.2327 0.0496 -0.9713
vn -0.2457 -0.4644 -0.8508
vn 0.2000 -0.1547 -0.9675
vn 0.4072 0.2187 -0.8868
vn 0.4096 0.2336 -0.8819
vn -0.2964 -0.4362 -0.8496
vn 0.4926 -0.3933 -0.7763
vn -0.3197 -0.3477 -0.8814
vn -0.1765 0.0770 -0.9813
vn 0.2722 -0.9591 0.0779
vn 0.1312 -0.4927 0.8602
vn 0.2145 -0.9642 0.1559
vn 0.4613 -0.6189 0.6357
vn -0.0877 -0.6069 -0.7899
vn -0.2170 0.0775 0.9731
vn -0.1999 -0.9322 0.3017
vn -0.0641 -0.6917 -0.7194
vn 0.1425 -0.9478 0.2853
vn -0.2560 -0.0116 0.9666
vn -0.2378 -0.0790 0.9681
vn 0.1057 -0.0018 0.9944
vn 0.0612 -0.2995 -0.9521
vn -0.0586 -0.9237 -0.3787
vn -0.0032 -0.2649 0.9643
vn 0.0309 -0.3252 -0.9451
vn -0.0648 -0.9580 0.2794
vn 0.0806 -0.2068 0.9751
vn -0.2722 -0.9591 0.0779
vn -0.1312 -0.4927 0.8602
vn -0.2145 -0.9642 0.1559
vn 0.4167 -0.7716 0.4807
vn -0.4613 -0.6189 0.6357
vn 0.0877 -0.6069 -0.7899
vn 0.2170 0.0775 0.9731
vn 0.1999 -0.9322 0.3017
vn 0.0641 -0.6917 -0.7194
vn -0.1684 -0.9584 0.2305
vn 0.2456 -0.0040 0.9694
vn 0.2378 -0.0790 0.9681
vn -0.1057 -0.0018 0.9944
vn -0.0612 -0.2995 -0.9521
vn 0.0586 -0.9237 -0.3787
vn 0.0032 -0.2649 0.9643
vn -0.0309 -0.3252 -0.9451
vn 0.0648 -0.9580 0.2794
vn -0.0806 -0.2068 0.9751
vn 0.9390 -0.3255 -0.1110
vn 0.8816 0.1708 -0.4400
vn -0.8167 -0.3516 0.4575
vn -0.4313 -0.8683 0.2450
vn 0.8640 -0.1831 -0.4691
vn -0.9109 -0.1338 0.3905
vn 0.9553 0.1476 -0.2563
vn -0.8921 -0.3971 0.2156
vn 0.9462 0.1976 -0.2563
vn -0.8734 -0.3786 0.3064
vn -0.6433 -0.7307 0.2285
vn 0.9381 0.2524 -0.2370
vn 0.8711 -0.4863 -0.0676
vn -0.9325 -0.1591 0.3241
vn 0.3917 -0.8210 0.4154
vn -0.8003 0.1018 -0.5910
vn 0.9038 0.0076 0.4279
vn -0.8922 -0.0175 -0.4512
vn -0.8713 -0.1901 -0.4525
vn 0.9111 -0.1562 0.3814
vn 0.7766 -0.6282 -0.0484
vn -0.9482 0.2483 0.1983
vn 0.8962 -0.4174 -0.1502
vn -0.9530 0.0164 0.3026
vn 0.9645 -0.1579 -0.2116
vn -0.9051 -0.3539 0.2356
vt 0.354131 0.515325
vt 0.304816 0.514408
vt 0.304816 0.514408
vt 0.250000 0.513388
vt 0.250000 0.500000
vt 0.315801 0.500000
vt 0.567879 0.702778
vt 0.592885 0.660381
vt 0.600913 0.750000
vt 0.581107 0.750000
vt 0.467101 0.440801
vt 0.470434 0.375000
vt 0.530147 0.375000
vt 0.534312 0.440801
vt 0.532751 0.656765
vt 0.532233 0.600708
vt 0.592704 0.598958
vt 0.684199 0.599757
vt 0.750000 0.601685
vt 0.750000 0.655027
vt 0.684199 0.658862
vt 0.594733 0.500000
vt 0.625000 0.500000
vt 0.625000 0.598023
vt 0.375000 0.440801
vt 0.464102 0.500000
vt 0.375000 0.500000
vt 0.593428 0.440801
vt 0.625000 0.440801
vt 0.684199 0.500000
vt 0.750000 0.500000
vt 0.534568 0.688561
vt 0.625000 0.662312
vt 0.538059 0.500000
vt 0.591978 0.375000
vt 0.625000 0.375000
vt 0.375000 0.375000
vt 0.625000 0.807030
vt 0.625000 0.871491
vt 0.607309 0.875000
vt 0.605225 0.809199
vt 0.625000 0.727627
vt 0.684199 0.727125
vt 0.750000 0.729550
vt 0.385826 0.541039
vt 0.353975 0.550605
vt 0.464055 0.557579
vt 0.507330 0.600675
vt 0.497278 0.562548
vt 0.464119 0.687697
vt 0.394872 0.675214
vt 0.393427 0.652546
vt 0.435574 0.653458
vt 0.450641 0.653784
vt 0.464130 0.654076
vt 0.405556 0.633911
vt 0.586702 0.809199
vt 0.437033 0.624137
vt 0.464066 0.623128
vt 0.501254 0.616463
vt 0.587065 0.875000
vt 0.586991 0.861674
vt 0.582945 0.769445
vt 0.586702 0.809199
vt 0.587042 0.870793
s 0
g Hair_Material.003
usemtl Material.003
f 564/197/544 577/198/544 578/199/544 558/197/544
f 577/198/545 563/200/545 560/200/545 578/199/545
f 578/199/546 560/200/546 565/201/546 574/202/546
f 606/203/547 576/204/547 584/205/547 600/206/547
f 579/207/548 569/208/548 568/209/548 580/210/548
f 576/204/549 570/211/549 591/212/549 596/213/549
f 581/214/550 573/215/550 572/216/550 582/217/550
f 595/218/551 559/219/551 566/220/551 596/213/551
f 574/221/552 579/207/552 593/222/552 594/223/552
f 590/224/553 575/225/553 559/219/553 595/218/553
f 575/226/554 561/227/554 573/215/554 581/214/554
f 570/211/555 576/204/555 606/203/555 604/228/555
f 567/229/556 576/204/556 596/213/556 566/220/556
f 580/210/557 590/224/557 595/218/557 592/230/557
f 568/209/558 589/231/558 590/224/558 580/210/558
f 559/219/559 575/226/559 581/214/559 566/220/559
f 589/231/560 561/232/560 575/225/560 590/224/560
f 565/233/561 569/208/561 579/207/561 574/221/561
f 566/220/562 581/214/562 582/217/562 567/229/562
f 593/222/563 579/207/563 580/210/563 592/230/563
f 558/197/564 578/199/564 574/202/564 594/223/564
f 588/234/565 586/235/565 585/236/565 587/237/565
f 583/238/566 588/234/566 587/237/566 584/205/566
f 567/229/567 582/217/567 588/239/567 583/238/567
f 576/204/568 567/229/568 583/238/568 584/205/568
f 582/217/569 572/216/569 586/240/569 588/239/569
f 596/213/570 591/212/570 592/230/570 595/218/570
f 594/223/571 607/241/571 612/242/571 558/197/571
f 593/222/572 610/243/572 607/241/572 594/223/572
f 592/230/573 591/212/573 608/244/573 614/245/573 610/243/573 593/222/573
f 603/246/574 605/247/574 599/248/574 598/249/574 562/250/574 571/251/574
f 599/248/575 601/252/575 598/249/575
f 602/253/576 600/206/576 584/205/576 587/237/576
f 604/228/577 603/246/577 571/251/577 570/211/577
f 609/254/578 611/255/578 571/251/578 562/250/578
f 611/255/579 613/256/579 608/244/579 591/212/579 570/211/579 571/251/579
f 562/250/580 598/249/580 601/252/580 609/254/580
f 597/257/581 665/258/581 585/236/581
f 618/197/582 615/197/582 627/199/582 626/198/582
f 626/198/583 627/199/583 560/200/583 563/200/583
f 627/199/584 623/202/584 565/201/584 560/200/584
f 651/203/585 645/206/585 633/205/585 625/204/585
f 628/207/586 629/210/586 568/209/586 569/208/586
f 625/204/587 642/213/587 637/212/587 621/211/587
f 630/214/588 631/217/588 572/216/588 573/215/588
f 641/218/589 642/213/589 619/220/589 616/219/589
f 623/221/590 640/223/590 639/222/590 628/207/590
f 636/224/591 641/218/591 616/219/591 624/225/591
f 624/226/592 630/214/592 573/215/592 561/227/592
f 621/211/593 649/228/593 651/203/593 625/204/593
f 620/229/594 619/220/594 642/213/594 625/204/594
f 629/210/595 638/230/595 641/218/595 636/224/595
f 568/209/596 629/210/596 636/224/596 589/231/596
f 616/219/597 619/220/597 630/214/597 624/226/597
f 589/231/598 636/224/598 624/225/598 561/232/598
f 565/233/599 623/221/599 628/207/599 569/208/599
f 619/220/600 620/229/600 631/217/600 630/214/600
f 639/222/601 638/230/601 629/210/601 628/207/601
f 615/197/602 640/223/602 623/202/602 627/199/602
f 635/234/603 634/237/603 585/236/603 586/235/603
f 632/238/604 633/205/604 634/237/604 635/234/604
f 620/229/605 632/238/605 635/239/605 631/217/605
f 625/204/606 633/205/606 632/238/606 620/229/606
f 631/217/607 635/239/607 586/240/607 572/216/607
f 642/213/608 641/218/608 638/230/608 637/212/608
f 640/223/609 615/197/609 657/242/609 652/241/609
f 639/222/610 640/223/610 652/241/610 655/243/610
f 638/230/611 639/222/611 655/243/611 659/245/611 653/244/611 637/212/611
f 648/246/612 622/251/612 617/250/612 643/249/612 644/248/612 650/247/612
f 644/248/613 643/249/613 646/252/613
f 647/253/614 634/237/614 633/205/614 645/206/614 678/259/614
f 649/228/615 621/211/615 622/251/615 648/246/615
f 654/254/616 617/250/616 622/251/616 656/255/616
f 656/255/617 622/251/617 621/211/617 637/212/617 653/244/617 658/256/617
f 617/250/618 654/254/618 646/252/618 643/249/618
f 597/257/619 585/236/619 634/237/619 647/253/619
f 671/260/620 672/261/620 660/257/620 661/253/620
f 661/253/621 660/257/621 662/257/621 663/253/621
f 663/253/622 662/257/622 664/253/622
f 667/258/623 666/257/623 668/257/623 669/258/623
f 585/236/624 665/258/624 602/253/624 587/237/624
f 665/258/625 597/257/625 666/257/625 667/258/625
f 669/258/626 668/257/626 670/258/626
f 602/253/627 665/258/627 672/261/627 671/260/627
f 647/253/628 678/259/628 674/253/628
f 674/253/629 673/206/629 675/206/629 676/253/629
f 676/253/630 675/206/630 677/253/630
f 600/206/631 602/253/631 680/253/631 679/206/631
f 674/253/632 678/259/632 645/206/632 673/206/632
f 679/206/633 680/253/633 682/253/633 681/206/633
f 681/206/634 682/253/634 683/206/634
f 690/197/635 684/197/635 704/199/635 703/198/635
f 703/198/636 704/199/636 686/200/636 689/200/636
f 704/199/637 700/202/637 691/201/637 686/200/637
f 732/203/638 726/206/638 710/205/638 702/204/638
f 705/207/639 706/210/639 694/209/639 695/208/639
f 702/204/640 722/213/640 717/212/640 696/211/640
f 707/214/641 708/217/641 698/216/641 699/215/641
f 721/218/642 722/213/642 692/220/642 685/219/642
f 700/221/643 720/223/643 719/222/643 705/207/643
f 716/224/644 721/218/644 685/219/644 701/225/644
f 701/226/645 707/214/645 699/215/645 687/227/645
f 696/211/646 730/228/646 732/203/646 702/204/646
f 693/229/647 692/220/647 722/213/647 702/204/647
f 706/210/648 718/230/648 721/218/648 716/224/648
f 694/209/649 706/210/649 716/224/649 715/231/649
f 685/219/650 692/220/650 707/214/650 701/226/650
f 715/231/651 716/224/651 701/225/651 687/232/651
f 691/233/652 700/221/652 705/207/652 695/208/652
f 692/220/653 693/229/653 708/217/653 707/214/653
f 719/222/654 718/230/654 706/210/654 705/207/654
f 684/197/655 720/223/655 700/202/655 704/199/655
f 714/234/656 713/237/656 711/236/656 712/235/656
f 709/238/657 710/205/657 713/237/657 714/234/657
f 693/229/658 709/238/658 714/239/658 708/217/658
f 702/204/659 710/205/659 709/238/659 693/229/659
f 708/217/660 714/239/660 712/240/660 698/216/660
f 722/213/661 721/218/661 718/230/661 717/212/661
f 720/223/662 684/197/662 738/242/662 733/241/662
f 719/222/663 720/223/663 733/241/663 736/243/663
f 718/230/664 719/222/664 736/243/664 740/245/664 734/244/664 717/212/664
f 729/246/665 697/251/665 688/250/665 724/249/665 725/248/665 731/247/665
f 725/248/666 724/249/666 727/252/666
f 728/253/667 713/237/667 710/205/667 726/206/667
f 730/228/668 696/211/668 697/251/668 729/246/668
f 735/254/669 688/250/669 697/251/669 737/255/669
f 737/255/670 697/251/670 696/211/670 717/212/670 734/244/670 739/256/670
f 688/250/671 735/254/671 727/252/671 724/249/671
f 723/257/672 711/236/672 791/258/672
f 744/197/673 752/198/673 753/199/673 741/197/673
f 752/198/674 689/200/674 686/200/674 753/199/674
f 753/199/675 686/200/675 691/201/675 749/202/675
f 777/203/676 751/204/676 759/205/676 771/206/676
f 754/207/677 695/208/677 694/209/677 755/210/677
f 751/204/678 747/211/678 763/212/678 768/213/678
f 756/214/679 699/215/679 698/216/679 757/217/679
f 767/218/680 742/219/680 745/220/680 768/213/680
f 749/221/681 754/207/681 765/222/681 766/223/681
f 762/224/682 750/225/682 742/219/682 767/218/682
f 750/226/683 687/227/683 699/215/683 756/214/683
f 747/211/684 751/204/684 777/203/684 775/228/684
f 746/229/685 751/204/685 768/213/685 745/220/685
f 755/210/686 762/224/686 767/218/686 764/230/686
f 694/209/687 715/231/687 762/224/687 755/210/687
f 742/219/688 750/226/688 756/214/688 745/220/688
f 715/231/689 687/232/689 750/225/689 762/224/689
f 691/233/690 695/208/690 754/207/690 749/221/690
f 745/220/691 756/214/691 757/217/691 746/229/691
f 765/222/692 754/207/692 755/210/692 764/230/692
f 741/197/693 753/199/693 749/202/693 766/223/693
f 761/234/694 712/235/694 711/236/694 760/237/694
f 758/238/695 761/234/695 760/237/695 759/205/695
f 746/229/696 757/217/696 761/239/696 758/238/696
f 751/204/697 746/229/697 758/238/697 759/205/697
f 757/217/698 698/216/698 712/240/698 761/239/698
f 768/213/699 763/212/699 764/230/699 767/218/699
f 766/223/700 778/241/700 783/242/700 741/197/700
f 765/222/701 781/243/701 778/241/701 766/223/701
f 764/230/702 763/212/702 779/244/702 785/245/702 781/243/702 765/222/702
f 774/246/703 776/247/703 770/248/703 769/249/703 743/250/703 748/251/703
f 770/248/704 772/252/704 769/249/704
f 773/253/705 804/259/705 771/206/705 759/205/705 760/237/705
f 775/228/706 774/246/706 748/251/706 747/211/706
f 780/254/707 782/255/707 748/251/707 743/250/707
f 782/255/708 784/256/708 779/244/708 763/212/708 747/211/708 748/251/708
f 743/250/709 769/249/709 772/252/709 780/254/709
f 723/257/710 773/253/710 760/237/710 711/236/710
f 797/260/711 787/253/711 786/257/711 798/261/711
f 787/253/712 789/253/712 788/257/712 786/257/712
f 789/253/713 790/253/713 788/257/713
f 793/258/714 795/258/714 794/257/714 792/257/714
f 711/236/715 713/237/715 728/253/715 791/258/715
f 791/258/716 793/258/716 792/257/716 723/257/716
f 795/258/717 796/258/717 794/257/717
f 728/253/718 797/260/718 798/261/718 791/258/718
f 773/253/719 800/253/719 804/259/719
f 800/253/720 802/253/720 801/206/720 799/206/720
f 802/253/721 803/253/721 801/206/721
f 726/206/722 805/206/722 806/253/722 728/253/722
f 800/253/723 799/206/723 771/206/723 804/259/723
f 805/206/724 807/206/724 808/253/724 806/253/724
f 807/206/725 809/206/725 808/253/725
f 563/200/726 577/198/726 703/198/726 689/200/726
f 558/197/727 612/242/727 738/242/727 684/197/727
f 577/198/728 564/197/728 690/197/728 703/198/728
f 564/197/729 558/197/729 684/197/729 690/197/729
f 609/254/730 601/252/730 727/252/730 735/254/730
f 605/247/731 603/246/731 729/246/731 731/247/731
f 599/248/732 605/247/732 731/247/732 725/248/732
f 601/252/733 599/248/733 725/248/733 727/252/733
f 606/203/734 600/206/734 726/206/734 732/203/734
f 604/228/735 606/203/735 732/203/735 730/228/735
f 603/246/736 604/228/736 730/228/736 729/246/736
f 607/241/737 610/243/737 736/243/737 733/241/737
f 613/256/738 611/255/738 737/255/738 739/256/738
f 608/244/739 613/256/739 739/256/739 734/244/739
f 612/242/740 607/241/740 733/241/740 738/242/740
f 611/255/741 609/254/741 735/254/741 737/255/741
f 614/245/742 608/244/742 734/244/742 740/245/742
f 610/243/743 614/245/743 740/245/743 736/243/743
f 626/198/744 563/200/744 689/200/744 752/198/744
f 657/242/745 615/197/745 741/197/745 783/242/745
f 618/197/746 626/198/746 752/198/746 744/197/746
f 597/257/747 647/253/747 773/253/747 723/257/747
f 615/197/748 618/197/748 744/197/748 741/197/748
f 646/252/749 654/254/749 780/254/749 772/252/749
f 648/246/750 650/247/750 776/247/750 774/246/750
f 650/247/751 644/248/751 770/248/751 776/247/751
f 644/248/752 646/252/752 772/252/752 770/248/752
f 645/206/753 651/203/753 777/203/753 771/206/753
f 651/203/754 649/228/754 775/228/754 777/203/754
f 649/228/755 648/246/755 774/246/755 775/228/755
f 655/243/756 652/241/756 778/241/756 781/243/756
f 656/255/757 658/256/757 784/256/757 782/255/757
f 658/256/758 653/244/758 779/244/758 784/256/758
f 652/241/759 657/242/759 783/242/759 778/241/759
f 654/254/760 656/255/760 782/255/760 780/254/760
f 653/244/761 659/245/761 785/245/761 779/244/761
f 659/245/762 655/243/762 781/243/762 785/245/762
f 602/253/763 671/260/763 797/260/763 728/253/763
f 661/253/764 663/253/764 789/253/764 787/253/764
f 662/257/765 660/257/765 786/257/765 788/257/765
f 664/253/766 662/257/766 788/257/766 790/253/766
f 663/253/767 664/253/767 790/253/767 789/253/767
f 660/257/768 672/261/768 798/261/768 786/257/768
f 665/258/769 667/258/769 793/258/769 791/258/769
f 666/257/770 597/257/770 723/257/770 792/257/770
f 667/258/771 669/258/771 795/258/771 793/258/771
f 668/257/772 666/257/772 792/257/772 794/257/772
f 670/258/773 668/257/773 794/257/773 796/258/773
f 669/258/774 670/258/774 796/258/774 795/258/774
f 671/260/775 661/253/775 787/253/775 797/260/775
f 672/261/776 665/258/776 791/258/776 798/261/776
f 647/253/777 674/253/777 800/253/777 773/253/777
f 673/206/778 645/206/778 771/206/778 799/206/778
f 674/253/779 676/253/779 802/253/779 800/253/779
f 675/206/780 673/206/780 799/206/780 801/206/780
f 677/253/781 675/206/781 801/206/781 803/253/781
f 676/253/782 677/253/782 803/253/782 802/253/782
f 600/206/783 679/206/783 805/206/783 726/206/783
f 680/253/784 602/253/784 728/253/784 806/253/784
f 679/206/785 681/206/785 807/206/785 805/206/785
f 682/253/786 680/253/786 806/253/786 808/253/786
f 681/206/787 683/206/787 809/206/787 807/206/787
f 683/206/788 682/253/788 808/253/788 809/206/788
o HairTail
v 0.000000 1.860079 -0.092219
v 0.013132 1.855584 -0.095282
v 0.018571 1.844734 -0.102679
v 0.013132 1.833883 -0.110075
v 0.000000 1.829388 -0.113138
v -0.013132 1.833883 -0.110075
v -0.018571 1.844734 -0.102679
v -0.013132 1.855584 -0.095282
v 0.000000 1.860079 -0.092219
v 0.013132 1.855584 -0.095282
v 0.018571 1.844734 -0.102679
v 0.013132 1.833883 -0.110075
v 0.000000 1.829388 -0.113138
v -0.013132 1.833883 -0.110075
v -0.018571 1.844734 -0.102679
v -0.013132 1.855584 -0.095282
v -0.000724 1.866656 -0.111607
v 0.008178 1.863698 -0.113638
v 0.012260 1.856547 -0.118541
v 0.008706 1.849358 -0.123444
v 0.000000 1.846378 -0.125475
v -0.008706 1.849358 -0.123444
v -0.012297 1.856551 -0.118541
v -0.009039 1.863709 -0.113638
v -0.003627 1.920448 -0.126276
v 0.043293 1.906627 -0.134884
v 0.059041 1.872359 -0.153086
v 0.040434 1.838380 -0.170220
v 0.001644 1.825068 -0.181263
v -0.036114 1.839530 -0.168508
v -0.051066 1.873874 -0.149439
v -0.036701 1.907424 -0.132305
v -0.005648 1.973829 -0.136720
v 0.037971 1.958266 -0.144210
v 0.062418 1.920939 -0.162292
v 0.035475 1.866882 -0.217759
v -0.001358 1.834771 -0.229139
v -0.056596 1.900578 -0.251566
v -0.064184 1.920179 -0.162292
v -0.046678 1.958173 -0.144210
v 0.001372 2.077738 -0.334140
v 0.045812 2.045779 -0.304151
v 0.064613 2.002211 -0.307389
v 0.094484 1.928822 -0.390328
v 0.000632 1.881952 -0.346909
v -0.060387 1.916052 -0.365922
v -0.062987 2.003298 -0.308230
v -0.043046 2.045939 -0.304541
v 0.000919 2.044463 -0.448335
v 0.043016 2.023909 -0.407620
v 0.064595 1.979341 -0.398984
v 0.053070 1.935411 -0.388024
v -0.000927 1.878812 -0.372689
v -0.049511 1.939273 -0.383452
v -0.061970 1.982468 -0.395699
v -0.041192 2.024023 -0.407420
v 0.000000 2.003042 -0.524672
v 0.027122 1.991550 -0.455264
v 0.048257 1.967115 -0.440777
v 0.046474 1.942374 -0.424305
v 0.001977 1.873960 -0.381818
v -0.041777 1.951273 -0.418414
v -0.045324 1.972482 -0.437661
v -0.026617 1.991778 -0.455794
v 0.005773 1.779428 -0.564070
v 0.031828 1.835628 -0.534523
v 0.079586 1.776915 -0.510183
v 0.033175 1.850993 -0.484209
v 0.005224 1.779145 -0.389351
v -0.017512 1.852703 -0.481328
v -0.065720 1.782608 -0.508858
v -0.019603 1.838099 -0.533586
v 0.005941 1.725174 -0.492229
v 0.023583 1.726518 -0.485665
v 0.064222 1.651816 -0.402081
v 0.007683 1.693566 -0.374979
v -0.031323 1.647887 -0.395469
v -0.011241 1.728191 -0.485031
v 0.021133 1.516924 -0.384367
v 0.020297 1.589820 -0.379140
v 0.024220 1.603509 -0.365748
v 0.017891 1.608502 -0.350150
v -0.001192 1.598833 -0.330740
v -0.000048 1.608625 -0.350978
v -0.001924 1.604659 -0.364697
v 0.011284 1.522660 -0.379795
v 0.021038 1.501520 -0.350282
v 0.026478 1.503244 -0.336998
v 0.027480 1.500319 -0.328352
v 0.022293 1.498176 -0.321397
v 0.010580 1.492482 -0.312706
v 0.008735 1.501406 -0.325301
v 0.008091 1.504566 -0.333355
v 0.013814 1.502375 -0.348359
v 0.011783 1.425933 -0.328171
v -0.001932 1.866435 -0.278386
v -0.062069 1.941319 -0.289676
v 0.099433 1.982284 -0.286735
v 0.046140 1.922614 -0.272365
v -0.004384 2.070811 -0.236242
v 0.045278 2.027838 -0.208010
v -0.054020 2.027950 -0.208652
v -0.092254 1.983404 -0.278110
v -0.021780 1.915178 -0.478164
v -0.032924 1.920457 -0.500235
v 0.029489 1.913825 -0.478448
v 0.002650 1.831468 -0.400480
v 0.028788 1.923736 -0.522596
v 0.039857 1.918710 -0.500897
v -0.022676 1.924971 -0.522128
v 0.002886 1.911058 -0.564225
v -0.042591 2.032333 -0.207198
v -0.003012 2.051040 -0.226328
v 0.036725 2.031136 -0.207033
v 0.039294 2.048450 -0.303980
v -0.037050 2.048376 -0.304331
v 0.001286 2.059517 -0.323892
v -0.031325 2.027885 -0.408659
v 0.000572 2.024909 -0.418734
v 0.032740 2.027960 -0.408862
v 0.000404 1.989033 -0.473064
v -0.021747 1.993140 -0.457220
v 0.022057 1.992983 -0.456818
v 0.003318 1.912463 -0.533309
v 0.021256 1.924490 -0.525154
v -0.014169 1.925424 -0.525210
v -0.012772 1.836899 -0.536448
v 0.026097 1.835191 -0.536655
v 0.005792 1.821416 -0.538356
v -0.070344 1.990954 -0.255427
v -0.067886 1.960483 -0.259374
v -0.065505 2.003381 -0.216638
v 0.056549 2.003581 -0.215775
v 0.056915 1.954277 -0.245955
v 0.065869 1.988559 -0.249295
v 0.050950 1.938542 -0.367833
v 0.018207 1.904253 -0.345341
v 0.055023 1.967064 -0.328129
v 0.039253 1.805468 -0.496284
v -0.027018 1.822964 -0.500333
v -0.056484 1.978985 -0.321973
v -0.017393 1.904856 -0.345383
v -0.048184 1.940478 -0.365123
v 0.012947 1.709132 -0.398011
v 0.020510 1.671067 -0.394661
v 0.022302 1.673197 -0.444114
v 0.027197 1.657591 -0.409260
v -0.005323 1.684307 -0.403362
v -0.011119 1.679375 -0.424337
v 0.002965 1.706784 -0.393802
v -0.007526 1.680023 -0.452563
v 0.025319 1.568724 -0.353142
v 0.005541 1.548864 -0.370160
v 0.014476 1.544357 -0.373354
v 0.022774 1.555135 -0.362257
v 0.002052 1.564919 -0.352253
vn -0.0000 -0.6074 0.7944
vn -0.8967 0.4425 -0.0138
vn -0.3632 -0.5474 -0.7539
vn 0.8832 -0.1339 -0.4494
vn 0.3661 0.8845 0.2892
vn -0.3762 0.8742 0.3069
vn -0.8829 -0.1354 -0.4496
vn 0.3632 -0.5474 -0.7539
vn 0.8801 0.4746 -0.0134
vn 0.2140 -0.9096 0.3560
vn 0.6215 -0.1331 0.7721
vn -0.6602 -0.1159 0.7421
vn -0.2334 -0.9107 0.3408
vn 0.5909 -0.6042 0.5346
vn 0.2557 0.2605 0.9310
vn -0.2720 0.2339 0.9334
vn -0.6430 -0.5774 0.5032
vn -0.2425 0.1768 0.9539
vn -0.9447 -0.3262 -0.0341
vn 0.5564 -0.7543 -0.3485
vn 0.7806 0.1283 0.6117
vn -0.7379 -0.0034 0.6749
vn -0.6078 -0.7391 -0.2904
vn 0.9233 -0.2153 -0.3182
vn 0.2329 0.1956 0.9526
vn -0.6680 -0.7432 -0.0375
vn 0.9924 -0.0353 0.1183
vn 0.4201 0.8853 0.1992
vn -0.2072 -0.4500 -0.8687
vn 0.6864 0.1476 -0.7121
vn 0.5830 -0.8124 -0.0134
vn -0.3661 0.8070 -0.4634
vn -0.9037 0.4274 -0.0244
vn 0.3898 -0.1651 -0.9060
vn -0.1141 0.8124 -0.5719
vn 0.4538 0.8769 -0.1583
vn -0.2899 -0.4681 -0.8348
vn -0.9594 -0.2750 0.0622
vn 0.7510 -0.6508 0.1117
vn 0.9064 0.4087 -0.1068
vn -0.8989 0.4244 -0.1089
vn -0.8360 0.3260 -0.4413
vn -0.7509 -0.5989 -0.2783
vn 0.9259 -0.2805 -0.2531
vn 0.5326 0.7601 -0.3722
vn -0.2448 -0.8077 -0.5364
vn -0.8858 -0.3621 -0.2902
vn 0.7611 -0.6421 -0.0917
vn 0.8136 0.3473 -0.4663
vn -0.6735 0.0525 0.7373
vn 0.9322 0.0673 0.3555
vn 0.7272 0.1960 -0.6579
vn -0.7227 0.1558 -0.6733
vn -0.9720 -0.0419 0.2314
vn 0.7136 0.1004 0.6933
vn 0.4533 0.1714 -0.8747
vn -0.5813 -0.8125 0.0451
vn 0.3457 -0.4051 -0.8464
vn -0.3285 -0.4932 0.8055
vn 0.4537 -0.5783 0.6780
vn 0.7590 0.2591 0.5973
vn -0.6169 -0.6718 -0.4101
vn -0.9065 -0.2100 -0.3662
vn -0.8392 0.1882 0.5102
vn 0.9895 0.1408 -0.0327
vn -0.4100 -0.7111 -0.5711
vn 0.7795 -0.4657 0.4190
vn -0.2355 -0.7655 0.5988
vn 0.9358 -0.1622 -0.3129
vn -0.5959 -0.4126 -0.6890
vn 0.8025 -0.5909 -0.0828
vn 0.8118 0.2513 0.5271
vn 0.2913 -0.7034 -0.6483
vn -0.9915 -0.0578 0.1169
vn 0.5991 0.2115 0.7722
vn 0.9734 -0.0453 -0.2248
vn -0.9818 -0.1167 -0.1501
vn -0.9939 -0.1034 -0.0377
vn 0.8867 0.1656 0.4318
vn 0.9867 -0.1112 0.1190
vn 0.2159 -0.3069 0.9269
vn 0.9135 -0.2132 -0.3465
vn -0.2760 -0.2386 -0.9311
vn -0.9971 -0.0427 0.0630
vn 0.6379 -0.1634 0.7526
vn 0.9623 -0.2035 -0.1803
vn -0.9355 -0.0668 -0.3471
vn -0.9925 -0.0444 0.1139
vn 0.8144 -0.1705 0.5547
vn -0.9050 0.2265 0.3602
vn 0.8494 0.3231 0.4173
vn 0.6932 -0.5832 -0.4234
vn -0.9143 -0.3838 -0.1292
vn -0.2741 0.6631 0.6965
vn 0.2614 0.6644 0.7002
vn 0.8238 -0.5151 -0.2365
vn -0.6219 -0.6235 -0.4738
vn -0.3425 -0.9074 -0.2436
vn 0.4843 0.6410 -0.5954
vn 0.9368 -0.3489 0.0269
vn -0.9382 -0.3347 0.0881
vn -0.8469 0.3331 -0.4145
vn 0.8219 0.3986 -0.4069
vn 0.9316 -0.3414 0.1244
vn -0.9085 -0.4140 0.0576
vn 0.2135 -0.4260 -0.8792
vn -0.4298 0.8891 0.1571
vn 0.2989 -0.4689 -0.8311
vn -0.4507 0.8791 -0.1554
vn -0.5275 0.7687 -0.3617
vn 0.2405 -0.8112 -0.5330
vn -0.4918 0.6193 -0.6121
vn 0.3507 -0.9031 -0.2479
vn -0.4937 0.1401 -0.8583
vn 0.5471 -0.8365 0.0304
vn -0.4131 -0.3941 -0.8210
vn 0.2722 -0.5026 0.8205
vn -0.9913 0.0002 -0.1320
vn -0.0142 0.9527 -0.3035
vn -0.7283 0.1246 -0.6738
vn 0.9156 0.3949 0.0763
vn 0.9581 -0.2725 0.0886
vn -0.4764 -0.1167 -0.8715
vn 0.1660 -0.2321 0.9584
vn 0.8193 -0.2331 -0.5239
vn -0.9601 0.1607 0.2288
vn 0.7292 -0.6694 -0.1420
vn -0.7661 0.3992 -0.5036
vn -0.7816 -0.6141 0.1093
vn 0.2209 0.1290 0.9667
vn 0.9386 0.1781 0.2956
vn 0.9663 -0.1801 -0.1838
vn -0.9550 0.1579 0.2512
vn -0.9838 -0.1624 -0.0766
vn -0.9778 0.0562 0.2018
vn 0.9833 -0.0270 -0.1801
vn -0.4036 -0.4634 -0.7889
vn -0.9675 -0.1922 -0.1643
vn 0.8905 -0.1264 -0.4370
vt 0.000000 0.000000
s 0
g HairTail_Material.003
usemtl Material.003
f 816/262/789 824/262/789 823/262/789 815/262/789
f 814/262/789 822/262/789 821/262/789 813/262/789
f 812/262/789 820/262/789 819/262/789 811/262/789
f 817/262/789 825/262/789 824/262/789 816/262/789
f 815/262/789 823/262/789 822/262/789 814/262/789
f 813/262/789 821/262/789 820/262/789 812/262/789
f 811/262/789 819/262/789 818/262/789 810/262/789
f 810/262/789 818/262/789 825/262/789 817/262/789
f 825/262/790 833/262/790 832/262/790 824/262/790
f 823/262/791 831/262/791 830/262/791 822/262/791
f 821/262/792 829/262/792 828/262/792 820/262/792
f 819/262/793 827/262/793 826/262/793 818/262/793
f 818/262/794 826/262/794 833/262/794 825/262/794
f 824/262/795 832/262/795 831/262/795 823/262/795
f 822/262/796 830/262/796 829/262/796 821/262/796
f 820/262/797 828/262/797 827/262/797 819/262/797
f 830/262/798 838/262/798 837/262/798 829/262/798
f 828/262/799 836/262/799 835/262/799 827/262/799
f 833/262/800 841/262/800 840/262/800 832/262/800
f 831/262/801 839/262/801 838/262/801 830/262/801
f 829/262/802 837/262/802 836/262/802 828/262/802
f 827/262/803 835/262/803 834/262/803 826/262/803
f 826/262/804 834/262/804 841/262/804 833/262/804
f 832/262/805 840/262/805 839/262/805 831/262/805
f 834/262/806 842/262/806 849/262/806 841/262/806
f 840/262/807 848/262/807 847/262/807 839/262/807
f 838/262/808 846/262/808 845/262/808 837/262/808
f 836/262/809 844/262/809 843/262/809 835/262/809
f 841/262/810 849/262/810 848/262/810 840/262/810
f 839/262/811 847/262/811 846/262/811 838/262/811
f 837/262/812 845/262/812 844/262/812 836/262/812
f 835/262/813 843/262/813 842/262/813 834/262/813
f 906/262/814 855/262/814 951/262/814 854/262/814 905/262/814
f 908/262/815 853/262/815 947/262/815 852/262/815 944/262/815 943/262/815
f 910/262/816 851/262/816 924/262/816 850/262/816 922/262/816 923/262/816
f 909/262/817 922/262/817 921/262/817
f 912/262/818 939/262/818 940/262/818
f 905/262/819 854/262/819 946/262/819 853/262/819 908/262/819
f 907/262/820 944/262/820 942/262/820
f 911/262/821 857/262/821 856/262/821 939/262/821 941/262/821
f 855/262/822 952/262/822 951/262/822
f 853/262/823 945/262/823 947/262/823
f 851/262/824 859/262/824 929/262/824 858/262/824 926/262/824 924/262/824
f 850/262/825 926/262/825 925/262/825
f 856/262/826 864/262/826 863/262/826 952/262/826 950/262/826
f 854/262/827 862/262/827 861/262/827 945/262/827 946/262/827
f 852/262/828 860/262/828 859/262/828 851/262/828
f 857/262/829 865/262/829 864/262/829 856/262/829
f 865/262/830 873/262/830 872/262/830 864/262/830
f 863/262/831 871/262/831 870/262/831 862/262/831
f 861/262/832 869/262/832 868/262/832 860/262/832
f 859/262/833 867/262/833 932/262/833 866/262/833 928/262/833 929/262/833
f 858/262/834 928/262/834 927/262/834
f 864/262/835 872/262/835 871/262/835 863/262/835
f 862/262/836 870/262/836 869/262/836 861/262/836
f 860/262/837 868/262/837 867/262/837 859/262/837
f 914/262/838 880/262/838 879/262/838 913/262/838
f 916/262/839 878/262/839 877/262/839 915/262/839
f 918/262/840 876/262/840 875/262/840 917/262/840
f 919/262/841 881/262/841 880/262/841 914/262/841
f 913/262/842 879/262/842 878/262/842 916/262/842
f 915/262/843 877/262/843 876/262/843 918/262/843
f 917/262/844 875/262/844 937/262/844 874/262/844 933/262/844 934/262/844
f 920/262/845 933/262/845 935/262/845
f 875/262/846 883/262/846 882/262/846 938/262/846 937/262/846
f 874/262/847 938/262/847 936/262/847
f 880/262/848 949/262/848 879/262/848
f 878/262/849 885/262/849 953/262/849 884/262/849 877/262/849
f 876/262/850 948/262/850 875/262/850
f 881/262/851 887/262/851 886/262/851 949/262/851
f 879/262/852 886/262/852 959/262/852 885/262/852 878/262/852
f 877/262/853 884/262/853 948/262/853
f 887/262/854 960/262/854 958/262/854 886/262/854
f 886/262/855 957/262/855 959/262/855
f 884/262/856 954/262/856 956/262/856
f 883/262/857 955/262/857 889/262/857 888/262/857 882/262/857
f 882/262/858 888/262/858 895/262/858 960/262/858 887/262/858
f 886/262/859 958/262/859 957/262/859
f 885/262/860 892/262/860 891/262/860 954/262/860 953/262/860
f 884/262/861 956/262/861 955/262/861 883/262/861
f 894/262/862 965/262/862 902/262/862 901/262/862 893/262/862
f 892/262/863 900/262/863 899/262/863 891/262/863
f 890/262/864 961/262/864 964/262/864 889/262/864
f 895/262/865 962/262/865 965/262/865 894/262/865
f 893/262/866 901/262/866 900/262/866 892/262/866
f 891/262/867 899/262/867 898/262/867 961/262/867 890/262/867
f 889/262/868 964/262/868 963/262/868 888/262/868
f 888/262/869 963/262/869 962/262/869 895/262/869
f 897/262/870 904/262/870 896/262/870
f 896/262/871 904/262/871 903/262/871
f 902/262/872 904/262/872 901/262/872
f 900/262/873 904/262/873 899/262/873
f 898/262/874 904/262/874 897/262/874
f 903/262/875 904/262/875 902/262/875
f 901/262/876 904/262/876 900/262/876
f 899/262/877 904/262/877 898/262/877
f 849/262/878 911/262/878 941/262/878 912/262/878 848/262/878
f 844/262/879 907/262/879 942/262/879 910/262/879 843/262/879
f 846/262/880 905/262/880 908/262/880 845/262/880
f 848/262/881 912/262/881 940/262/881 906/262/881 847/262/881
f 842/262/882 909/262/882 921/262/882 911/262/882 849/262/882
f 843/262/883 910/262/883 923/262/883 909/262/883 842/262/883
f 845/262/884 908/262/884 943/262/884 907/262/884 844/262/884
f 847/262/885 906/262/885 905/262/885 846/262/885
f 866/262/886 930/262/886 931/262/886
f 867/262/887 917/262/887 934/262/887 920/262/887 930/262/887 932/262/887
f 869/262/888 915/262/888 918/262/888 868/262/888
f 871/262/889 913/262/889 916/262/889 870/262/889
f 873/262/890 919/262/890 914/262/890 872/262/890
f 868/262/891 918/262/891 917/262/891 867/262/891
f 870/262/892 916/262/892 915/262/892 869/262/892
f 872/262/893 914/262/893 913/262/893 871/262/893
f 922/262/894 909/262/894 923/262/894
f 922/262/895 850/262/895 925/262/895 857/262/895 911/262/895 921/262/895
f 926/262/896 850/262/896 924/262/896
f 926/262/897 858/262/897 927/262/897 865/262/897 857/262/897 925/262/897
f 928/262/898 866/262/898 931/262/898 873/262/898 865/262/898 927/262/898
f 928/262/899 858/262/899 929/262/899
f 930/262/900 920/262/900 935/262/900 919/262/900 873/262/900 931/262/900
f 930/262/901 866/262/901 932/262/901
f 933/262/902 874/262/902 936/262/902 881/262/902 919/262/902 935/262/902
f 933/262/903 920/262/903 934/262/903
f 938/262/904 882/262/904 887/262/904 881/262/904 936/262/904
f 938/262/905 874/262/905 937/262/905
f 939/262/906 856/262/906 950/262/906 855/262/906 906/262/906 940/262/906
f 939/262/907 912/262/907 941/262/907
f 944/262/908 907/262/908 943/262/908
f 944/262/909 852/262/909 851/262/909 910/262/909 942/262/909
f 945/262/910 861/262/910 860/262/910 852/262/910 947/262/910
f 945/262/911 853/262/911 946/262/911
f 948/262/912 876/262/912 877/262/912
f 948/262/913 884/262/913 883/262/913 875/262/913
f 949/262/914 886/262/914 879/262/914
f 949/262/915 880/262/915 881/262/915
f 952/262/916 855/262/916 950/262/916
f 952/262/917 863/262/917 862/262/917 854/262/917 951/262/917
f 954/262/918 884/262/918 953/262/918
f 954/262/919 891/262/919 890/262/919 956/262/919
f 956/262/920 890/262/920 889/262/920 955/262/920
f 957/262/921 893/262/921 892/262/921 885/262/921 959/262/921
f 960/262/922 895/262/922 894/262/922 958/262/922
f 958/262/923 894/262/923 893/262/923 957/262/923
f 961/262/924 898/262/924 897/262/924 964/262/924
f 963/262/925 896/262/925 903/262/925 962/262/925
f 962/262/926 903/262/926 902/262/926 965/262/926
f 964/262/927 897/262/927 896/262/927 963/262/927
o Clothing
v 0.106181 0.996960 0.106988
v 0.104531 1.573523 0.085147
v 0.120652 1.035224 -0.086775
v 0.102347 1.588000 -0.100904
v -0.000000 0.989997 -0.161674
v 0.000000 1.574998 -0.122807
v 0.000000 0.948553 0.167046
v 0.213654 0.963559 0.010579
v 0.121885 1.621635 0.003086
v 0.135020 1.402473 -0.117444
v 0.100957 1.148323 -0.083260
v 0.134019 1.395389 0.086293
v 0.087862 1.133190 0.101943
v 0.000000 1.427880 0.137840
v 0.000000 1.135801 0.119645
v 0.000526 1.406818 -0.127812
v -0.000000 1.150834 -0.117671
v 0.175013 1.417231 0.007030
v 0.136187 1.147673 -0.000100
v 0.088414 1.617305 0.031153
v 0.079635 1.623535 0.001743
v 0.000000 1.617353 -0.093627
v 0.053030 1.617830 -0.081493
v 0.117724 1.502177 -0.118743
v 0.117381 1.460287 0.103523
v -0.000000 1.478068 -0.127805
v 0.158347 1.565762 0.074251
v 0.057917 1.563627 0.095590
v -0.000000 0.819457 0.110637
v 0.067544 0.862110 0.121348
v 0.092547 0.909419 -0.103416
v -0.000000 0.899780 -0.114403
v 0.009872 0.804204 -0.018736
v -0.000000 0.790101 -0.008814
v 0.143515 0.745235 0.089714
v 0.168512 0.748201 -0.073632
v 0.188669 0.743698 0.016460
v 0.050200 0.768466 0.088342
v 0.083337 0.754406 -0.090705
v 0.018737 0.774032 -0.011303
v 0.031248 0.576406 -0.009097
v 0.055630 0.572536 0.074491
v 0.154600 0.567923 -0.075915
v 0.134476 0.568213 0.080349
v 0.085181 0.575350 -0.090763
v 0.197137 0.565944 -0.004155
v 0.090364 0.402352 -0.092570
v 0.190628 0.359068 -0.031930
v 0.042216 0.382828 -0.034378
v 0.069651 0.365185 0.052209
v 0.140747 0.396892 -0.083456
v 0.121377 0.359734 0.046200
v 0.089777 0.109891 -0.081882
v 0.138288 0.105306 -0.045557
v 0.068418 0.108724 -0.051485
v 0.084990 0.105601 0.003736
v 0.116446 0.107988 -0.080032
v 0.112149 0.103756 0.006550
v -0.000000 0.784242 0.050400
v -0.000000 0.829427 -0.074959
v 0.081420 0.930071 0.115601
v 0.000000 0.924579 0.124732
v -0.000000 0.860820 0.125361
v 0.122854 0.884688 0.098108
v 0.163152 0.974161 0.010355
v -0.000000 1.000968 -0.119452
v 0.000000 0.952179 0.123496
v 0.211314 1.588041 -0.097488
v 0.193892 1.621678 -0.010276
v 0.206733 1.504199 -0.134821
v 0.205455 1.435544 -0.080713
v 0.195176 1.561927 0.044717
v 0.196419 1.445022 0.011209
v 0.859573 1.530413 0.007825
v 0.849662 1.525040 0.049608
v 0.867633 1.489601 -0.008392
v 0.863332 1.463964 -0.000014
v 0.848083 1.479959 0.058769
v 0.853406 1.459143 0.041738
v 0.546245 1.539798 -0.090256
v 0.552529 1.480882 -0.115914
v 0.535866 1.446003 0.003304
v 0.527206 1.528535 0.029943
v 0.536225 1.577809 -0.020557
v 0.551025 1.436271 -0.072434
v 0.610425 1.527124 -0.072799
v 0.597708 1.443781 0.023487
v 0.600138 1.555248 0.003380
v 0.619253 1.433459 -0.038387
v 0.622203 1.467941 -0.097304
v 0.589965 1.511021 0.045180
v 0.505939 1.486527 -0.130301
v 0.504958 1.528949 0.027286
v 0.498758 1.548287 -0.099688
v 0.514830 1.446518 -0.005210
v 0.500843 1.584054 -0.024086
v 0.517912 1.439696 -0.086939
v 0.244820 1.506452 -0.118121
v 0.235252 1.548294 0.027057
v 0.250438 1.573438 -0.089422
v 0.239296 1.465755 -0.005335
v 0.231301 1.609686 -0.020603
v 0.251049 1.453352 -0.079584
v 0.298373 1.554229 -0.088874
v 0.325489 1.462864 -0.008466
v 0.325010 1.588545 -0.024623
v 0.332794 1.452866 -0.080514
v 0.332508 1.494662 -0.109744
v 0.329416 1.535260 0.019490
v 0.737503 1.530599 -0.048918
v 0.725069 1.454985 0.034016
v 0.725558 1.543071 0.032528
v 0.735940 1.440364 -0.021584
v 0.742267 1.470975 -0.044922
v 0.717154 1.497788 0.055776
v -0.106181 0.996960 0.106988
v -0.104531 1.573523 0.085147
v -0.120652 1.035224 -0.086775
v -0.102347 1.588000 -0.100904
v -0.213654 0.963559 0.010579
v -0.121885 1.621635 0.003086
v -0.135020 1.402473 -0.117444
v -0.100957 1.148323 -0.083260
v -0.134019 1.395389 0.086293
v -0.087862 1.133190 0.101943
v -0.000526 1.406818 -0.127812
v -0.175013 1.417231 0.007030
v -0.136187 1.147673 -0.000100
v -0.088414 1.617305 0.031153
v -0.079635 1.623535 0.001743
v -0.053030 1.617830 -0.081493
v -0.117724 1.502177 -0.118743
v -0.117381 1.460287 0.103523
v -0.158347 1.565762 0.074251
v -0.057917 1.563627 0.095590
v -0.067544 0.862110 0.121348
v -0.092547 0.909419 -0.103416
v -0.009872 0.804204 -0.018736
v -0.143515 0.745235 0.089714
v -0.168512 0.748201 -0.073632
v -0.188669 0.743698 0.016460
v -0.050200 0.768466 0.088342
v -0.083337 0.754406 -0.090705
v -0.018737 0.774032 -0.011303
v -0.031248 0.576406 -0.009097
v -0.055630 0.572536 0.074491
v -0.154600 0.567923 -0.075915
v -0.134476 0.568213 0.080349
v -0.085181 0.575350 -0.090763
v -0.197137 0.565944 -0.004155
v -0.090364 0.402352 -0.092570
v -0.190628 0.359068 -0.031930
v -0.042216 0.382828 -0.034378
v -0.069651 0.365185 0.052209
v -0.140747 0.396892 -0.083456
v -0.121377 0.359734 0.046200
v -0.089777 0.109891 -0.081882
v -0.138288 0.105306 -0.045557
v -0.068418 0.108724 -0.051485
v -0.084990 0.105601 0.003736
v -0.116446 0.107988 -0.080032
v -0.112149 0.103756 0.006550
v -0.081420 0.930071 0.115601
v -0.122854 0.884688 0.098108
v -0.163152 0.974161 0.010355
v -0.211314 1.588041 -0.097488
v -0.193892 1.621678 -0.010276
v -0.206733 1.504199 -0.134821
v -0.205455 1.435544 -0.080713
v -0.195176 1.561927 0.044717
v -0.196419 1.445022 0.011209
v -0.859573 1.530413 0.007825
v -0.849662 1.525040 0.049608
v -0.867633 1.489601 -0.008392
v -0.863332 1.463964 -0.000014
v -0.848083 1.479959 0.058769
v -0.853406 1.459143 0.041738
v -0.546245 1.539798 -0.090256
v -0.552529 1.480882 -0.115914
v -0.535866 1.446003 0.003304
v -0.527206 1.528535 0.029943
v -0.536225 1.577809 -0.020557
v -0.551025 1.436271 -0.072434
v -0.610425 1.527124 -0.072799
v -0.597708 1.443781 0.023487
v -0.600138 1.555248 0.003380
v -0.619253 1.433459 -0.038387
v -0.622203 1.467941 -0.097304
v -0.589965 1.511021 0.045180
v -0.505939 1.486527 -0.130301
v -0.504958 1.528949 0.027286
v -0.498758 1.548287 -0.099688
v -0.514830 1.446518 -0.005210
v -0.500843 1.584054 -0.024086
v -0.517912 1.439696 -0.086939
v -0.244820 1.506452 -0.118121
v -0.235252 1.548294 0.027057
v -0.250438 1.573438 -0.089422
v -0.239296 1.465755 -0.005335
v -0.231301 1.609686 -0.020603
v -0.251049 1.453352 -0.079584
v -0.298373 1.554229 -0.088874
v -0.325489 1.462864 -0.008466
v -0.325010 1.588545 -0.024623
v -0.332794 1.452866 -0.080514
v -0.332508 1.494662 -0.109744
v -0.329416 1.535260 0.019490
v -0.737503 1.530599 -0.048918
v -0.725069 1.454985 0.034016
v -0.725558 1.543071 0.032528
v -0.735940 1.440364 -0.021584
v -0.742267 1.470975 -0.044922
v -0.717154 1.497788 0.055776
v 0.104840 0.996819 0.105157
v 0.104144 1.572237 0.083313
v 0.119182 1.035036 -0.085050
v 0.102145 1.586551 -0.099165
v 0.000000 0.991534 -0.160000
v 0.000000 1.574185 -0.120683
v 0.000000 0.950031 0.165318
v 0.211824 0.964906 0.010643
v 0.121410 1.619439 0.002739
v 0.133948 1.403074 -0.115531
v 0.099479 1.148197 -0.081538
v 0.132473 1.395633 0.084644
v 0.086509 1.132998 0.100126
v 0.000000 1.427836 0.135567
v 0.000000 1.135630 0.117378
v 0.000235 1.406924 -0.125559
v 0.000000 1.150721 -0.115401
v 0.173021 1.418149 0.006430
v 0.133921 1.147518 -0.000189
v 0.087943 1.615365 0.030065
v 0.079001 1.621352 0.001703
v 0.000000 1.615957 -0.091832
v 0.052601 1.616061 -0.080131
v 0.117558 1.502054 -0.116479
v 0.116209 1.460299 0.101575
v 0.000000 1.477935 -0.125535
v 0.157370 1.564891 0.072392
v 0.057576 1.562746 0.093522
v 0.000000 0.821324 0.109339
v 0.067266 0.862569 0.119139
v 0.092124 0.909712 -0.101201
v 0.000000 0.900628 -0.112293
v 0.010317 0.805941 -0.017338
v 0.000000 0.792363 -0.008583
v 0.142340 0.745325 0.087770
v 0.166912 0.748123 -0.072018
v 0.186420 0.743593 0.016143
v 0.051577 0.768693 0.086547
v 0.084059 0.754502 -0.088551
v 0.020976 0.774167 -0.010931
v 0.033492 0.576519 -0.008753
v 0.057015 0.572771 0.072703
v 0.153256 0.567896 -0.074082
v 0.133502 0.568450 0.078309
v 0.086009 0.575355 -0.088645
v 0.194872 0.566055 -0.004330
v 0.091181 0.402364 -0.090448
v 0.188374 0.359350 -0.031846
v 0.044443 0.382968 -0.033942
v 0.070977 0.365541 0.050397
v 0.139598 0.396928 -0.081494
v 0.120384 0.360104 0.044189
v 0.090614 0.109967 -0.079769
v 0.136048 0.105669 -0.045425
v 0.070638 0.108897 -0.051027
v 0.086311 0.105996 0.001928
v 0.115377 0.108136 -0.078030
v 0.111074 0.104165 0.004588
v 0.000000 0.786480 0.050000
v 0.000000 0.831016 -0.073332
v 0.080877 0.930017 0.113394
v 0.000000 0.924464 0.122461
v 0.000000 0.861155 0.123112
v 0.121462 0.884667 0.096311
v 0.161739 0.975929 0.010576
v 0.000000 1.002800 -0.118107
v 0.000000 0.953628 0.121743
v 0.210952 1.586426 -0.095928
v 0.193290 1.619526 -0.010698
v 0.206285 1.504312 -0.132595
v 0.204427 1.437343 -0.079778
v 0.194150 1.561310 0.042784
v 0.195205 1.446372 0.009840
v 0.858974 1.528679 0.009167
v 0.849582 1.523175 0.048310
v 0.866889 1.489959 -0.006274
v 0.862813 1.465899 0.001062
v 0.848201 1.480335 0.056529
v 0.853348 1.461115 0.040609
v 0.545546 1.538244 -0.088751
v 0.551878 1.481270 -0.113771
v 0.536364 1.447758 0.001948
v 0.527541 1.527950 0.027772
v 0.535795 1.575603 -0.020900
v 0.550950 1.438436 -0.071744
v 0.609764 1.525574 -0.071272
v 0.597999 1.445513 0.022043
v 0.599901 1.553096 0.002686
v 0.619079 1.435684 -0.037954
v 0.621569 1.468668 -0.095245
v 0.590298 1.510690 0.042956
v 0.505744 1.486810 -0.128053
v 0.505141 1.528515 0.025062
v 0.498508 1.546737 -0.098044
v 0.515152 1.448386 -0.006465
v 0.500661 1.581817 -0.024450
v 0.517907 1.441761 -0.085987
v 0.244261 1.506664 -0.115927
v 0.234554 1.547945 0.024921
v 0.249812 1.571903 -0.087866
v 0.238693 1.467409 -0.006774
v 0.230481 1.607602 -0.021000
v 0.250595 1.455396 -0.078697
v 0.298104 1.552747 -0.087171
v 0.325566 1.464656 -0.009863
v 0.324730 1.586330 -0.025056
v 0.332925 1.454963 -0.079643
v 0.332571 1.495004 -0.107497
v 0.329336 1.534919 0.017244
v 0.736944 1.529027 -0.047373
v 0.725074 1.456807 0.032656
v 0.725508 1.541054 0.031481
v 0.735543 1.442498 -0.020908
v 0.741571 1.471615 -0.042854
v 0.717308 1.497742 0.053508
v -0.104840 0.996819 0.105157
v -0.104144 1.572237 0.083313
v -0.119182 1.035036 -0.085050
v -0.102145 1.586551 -0.099165
v -0.211824 0.964906 0.010643
v -0.121410 1.619439 0.002739
v -0.133948 1.403074 -0.115531
v -0.099479 1.148197 -0.081538
v -0.132473 1.395633 0.084644
v -0.086509 1.132998 0.100126
v -0.000235 1.406924 -0.125559
v -0.173021 1.418149 0.006430
v -0.133921 1.147518 -0.000189
v -0.087943 1.615365 0.030065
v -0.079001 1.621352 0.001703
v -0.052601 1.616061 -0.080131
v -0.117558 1.502054 -0.116479
v -0.116209 1.460299 0.101575
v -0.157370 1.564891 0.072392
v -0.057576 1.562746 0.093522
v -0.067266 0.862569 0.119139
v -0.092124 0.909712 -0.101201
v -0.010317 0.805941 -0.017338
v -0.142340 0.745325 0.087770
v -0.166912 0.748123 -0.072018
v -0.186420 0.743593 0.016143
v -0.051577 0.768693 0.086547
v -0.084059 0.754502 -0.088551
v -0.020976 0.774167 -0.010931
v -0.033492 0.576519 -0.008753
v -0.057015 0.572771 0.072703
v -0.153256 0.567896 -0.074082
v -0.133502 0.568450 0.078309
v -0.086009 0.575355 -0.088645
v -0.194872 0.566055 -0.004330
v -0.091181 0.402364 -0.090448
v -0.188374 0.359350 -0.031846
v -0.044443 0.382968 -0.033942
v -0.070977 0.365541 0.050397
v -0.139598 0.396928 -0.081494
v -0.120384 0.360104 0.044189
v -0.090614 0.109967 -0.079769
v -0.136048 0.105669 -0.045425
v -0.070638 0.108897 -0.051027
v -0.086311 0.105996 0.001928
v -0.115377 0.108136 -0.078030
v -0.111074 0.104165 0.004588
v -0.080877 0.930017 0.113394
v -0.121462 0.884667 0.096311
v -0.161739 0.975929 0.010576
v -0.210952 1.586426 -0.095928
v -0.193290 1.619526 -0.010698
v -0.206285 1.504312 -0.132595
v -0.204427 1.437343 -0.079778
v -0.194150 1.561310 0.042784
v -0.195205 1.446372 0.009840
v -0.858974 1.528679 0.009167
v -0.849582 1.523175 0.048310
v -0.866889 1.489959 -0.006274
v -0.862813 1.465899 0.001062
v -0.848201 1.480335 0.056529
v -0.853348 1.461115 0.040609
v -0.545546 1.538244 -0.088751
v -0.551878 1.481270 -0.113771
v -0.536364 1.447758 0.001948
v -0.527541 1.527950 0.027772
v -0.535795 1.575603 -0.020900
v -0.550950 1.438436 -0.071744
v -0.609764 1.525574 -0.071272
v -0.597999 1.445513 0.022043
v -0.599901 1.553096 0.002686
v -0.619079 1.435684 -0.037954
v -0.621569 1.468668 -0.095245
v -0.590298 1.510690 0.042956
v -0.505744 1.486810 -0.128053
v -0.505141 1.528515 0.025062
v -0.498508 1.546737 -0.098044
v -0.515152 1.448386 -0.006465
v -0.500661 1.581817 -0.024450
v -0.517907 1.441761 -0.085987
v -0.244261 1.506664 -0.115927
v -0.234554 1.547945 0.024921
v -0.249812 1.571903 -0.087866
v -0.238693 1.467409 -0.006774
v -0.230481 1.607602 -0.021000
v -0.250595 1.455396 -0.078697
v -0.298104 1.552747 -0.087171
v -0.325566 1.464656 -0.009863
v -0.324730 1.586330 -0.025056
v -0.332925 1.454963 -0.079643
v -0.332571 1.495004 -0.107497
v -0.329336 1.534919 0.017244
v -0.736944 1.529027 -0.047373
v -0.725074 1.456807 0.032656
v -0.725508 1.541054 0.031481
v -0.735543 1.442498 -0.020908
v -0.741571 1.471615 -0.042854
v -0.717308 1.497742 0.053508
vn 0.1161 0.1328 -0.9843
vn 0.2201 0.1805 0.9586
vn 0.8333 0.2607 -0.4875
vn 0.9332 -0.1468 -0.3281
vn 0.3319 0.1693 0.9280
vn 0.2936 -0.0288 0.9555
vn 0.7715 0.2592 0.5810
vn 0.8992 -0.1370 0.4155
vn 0.4060 0.1844 -0.8951
vn 0.1832 -0.0974 -0.9782
vn 0.2571 0.8607 0.4394
vn 0.2696 0.9269 -0.2612
vn 0.1189 0.6091 -0.7841
vn 0.3187 -0.1661 0.9332
vn 0.8392 -0.0818 0.5377
vn 0.0768 0.0005 -0.9970
vn -0.0222 0.7733 0.6337
vn 0.2111 0.1950 0.9578
vn 0.2250 0.8190 0.5278
vn 0.3640 -0.6507 -0.6664
vn 0.1158 0.0729 0.9906
vn 0.2024 -0.9478 0.2463
vn 0.6926 -0.7107 0.1234
vn 0.9532 0.1249 -0.2753
vn -0.9367 -0.0082 0.3501
vn -0.2047 -0.9728 0.1088
vn -0.7229 -0.0734 -0.6871
vn 0.3124 -0.0282 -0.9495
vn 0.3794 -0.0102 0.9252
vn 0.1983 0.0216 -0.9799
vn -0.0089 -0.1345 0.9909
vn 0.8020 0.0126 -0.5972
vn -0.9557 -0.0927 0.2793
vn -0.8082 0.0079 -0.5889
vn -0.8070 -0.0341 -0.5895
vn -0.9560 -0.0521 0.2887
vn 0.9326 0.0089 -0.3609
vn -0.0517 -0.0615 0.9968
vn 0.2022 -0.0004 -0.9793
vn 0.8241 -0.0490 0.5644
vn 0.7972 -0.1572 0.5829
vn 0.1380 -0.0299 -0.9900
vn 0.0244 -0.1682 0.9855
vn 0.7428 -0.0924 -0.6631
vn -0.9538 -0.1087 0.2801
vn -0.7832 -0.0284 -0.6211
vn 0.7690 -0.1296 0.6260
vn 0.0861 0.0391 0.9955
vn 0.0623 -0.3347 0.9403
vn 0.1427 -0.1711 0.9749
vn 0.8575 0.1000 0.5047
vn -0.1798 -0.8663 -0.4660
vn 0.1955 0.0259 -0.9804
vn 0.3773 -0.9229 -0.0769
vn -0.0187 0.9432 -0.3316
vn 0.2654 0.7490 0.6071
vn -0.0629 -0.5291 0.8462
vn 0.3382 0.1561 -0.9280
vn -0.0639 0.3049 -0.9502
vn 0.4784 -0.2832 0.8312
vn 0.1856 -0.2912 -0.9385
vn 0.5476 -0.8366 0.0154
vn 0.0863 0.9954 -0.0420
vn -0.0262 0.3400 0.9400
vn 0.0936 -0.9884 0.1195
vn 0.2727 -0.5111 -0.8151
vn 0.1864 -0.6653 -0.7230
vn -0.1108 -0.9897 0.0912
vn 0.0039 0.6984 0.7157
vn 0.2229 0.8741 -0.4316
vn 0.2818 0.4311 -0.8572
vn -0.2410 -0.3514 0.9047
vn 0.1398 -0.7866 -0.6015
vn -0.0885 -0.9888 0.1205
vn 0.0020 0.7023 0.7119
vn 0.3511 0.8702 -0.3456
vn 0.3097 0.4115 -0.8572
vn -0.3057 -0.3226 0.8958
vn -0.0508 -0.3649 0.9296
vn -0.0638 0.3713 -0.9263
vn 0.0125 0.8929 -0.4500
vn 0.0025 0.6611 0.7503
vn -0.0773 -0.9916 0.1032
vn -0.0954 -0.6386 -0.7636
vn 0.2996 -0.5700 -0.7651
vn 0.4183 -0.8923 0.1698
vn 0.4397 0.5916 0.6757
vn 0.3011 0.8946 -0.3301
vn 0.3366 0.3584 -0.8707
vn 0.3863 -0.2801 0.8788
vn -0.0064 -0.5814 -0.8136
vn -0.0163 -0.9887 0.1493
vn 0.1606 0.6238 0.7649
vn 0.2318 0.8539 -0.4659
vn 0.1489 0.3895 -0.9089
vn 0.0232 -0.3628 0.9316
vn 0.2059 -0.7785 -0.5929
vn 0.0477 -0.9743 0.2200
vn -0.0661 0.5955 0.8006
vn 0.0832 0.9678 -0.2375
vn 0.2840 0.2014 -0.9374
vn -0.0796 -0.3759 0.9232
vn -0.1161 0.1328 -0.9843
vn -0.2201 0.1805 0.9586
vn -0.8333 0.2607 -0.4875
vn -0.9332 -0.1468 -0.3281
vn -0.3319 0.1693 0.9280
vn -0.2936 -0.0288 0.9555
vn -0.7715 0.2592 0.5810
vn -0.8992 -0.1370 0.4155
vn -0.4060 0.1844 -0.8951
vn -0.1832 -0.0974 -0.9782
vn -0.2571 0.8607 0.4394
vn -0.2696 0.9269 -0.2612
vn -0.1189 0.6091 -0.7841
vn -0.3187 -0.1661 0.9332
vn -0.8392 -0.0818 0.5377
vn -0.0768 0.0005 -0.9970
vn 0.0222 0.7733 0.6337
vn -0.2111 0.1950 0.9578
vn -0.2250 0.8190 0.5278
vn -0.3640 -0.6507 -0.6664
vn -0.1158 0.0729 0.9906
vn -0.2024 -0.9478 0.2463
vn -0.6926 -0.7107 0.1234
vn -0.9532 0.1249 -0.2753
vn 0.9367 -0.0082 0.3501
vn 0.2047 -0.9728 0.1088
vn 0.7229 -0.0734 -0.6871
vn -0.3124 -0.0282 -0.9495
vn -0.3794 -0.0102 0.9252
vn -0.1983 0.0216 -0.9799
vn 0.0089 -0.1345 0.9909
vn -0.8020 0.0126 -0.5972
vn 0.9557 -0.0927 0.2793
vn 0.8082 0.0079 -0.5889
vn 0.8070 -0.0341 -0.5895
vn 0.9560 -0.0521 0.2887
vn -0.9326 0.0089 -0.3609
vn 0.0517 -0.0615 0.9968
vn -0.2022 -0.0004 -0.9793
vn -0.8241 -0.0490 0.5644
vn -0.7972 -0.1572 0.5829
vn -0.1380 -0.0299 -0.9900
vn -0.0244 -0.1682 0.9855
vn -0.7428 -0.0924 -0.6631
vn 0.9538 -0.1087 0.2801
vn 0.7832 -0.0284 -0.6211
vn -0.7690 -0.1296 0.6260
vn -0.0861 0.0391 0.9955
vn -0.0623 -0.3347 0.9403
vn -0.1427 -0.1711 0.9749
vn -0.8575 0.1000 0.5047
vn 0.1798 -0.8663 -0.4660
vn -0.1955 0.0259 -0.9804
vn -0.3773 -0.9229 -0.0769
vn 0.0187 0.9432 -0.3316
vn -0.2654 0.7490 0.6071
vn 0.0629 -0.5291 0.8462
vn -0.3382 0.1561 -0.9280
vn 0.0639 0.3049 -0.9502
vn -0.4784 -0.2832 0.8312
vn -0.1856 -0.2912 -0.9385
vn -0.5476 -0.8366 0.0154
vn -0.0863 0.9954 -0.0420
vn 0.0262 0.3400 0.9400
vn -0.0936 -0.9884 0.1195
vn -0.2727 -0.5111 -0.8151
vn -0.1864 -0.6653 -0.7230
vn 0.1108 -0.9897 0.0912
vn -0.0039 0.6984 0.7157
vn -0.2229 0.8741 -0.4316
vn -0.2818 0.4311 -0.8572
vn 0.2410 -0.3514 0.9047
vn -0.1398 -0.7866 -0.6015
vn 0.0885 -0.9888 0.1205
vn -0.0020 0.7023 0.7119
vn -0.3511 0.8702 -0.3456
vn -0.3097 0.4115 -0.8572
vn 0.3057 -0.3226 0.8958
vn 0.0508 -0.3649 0.9296
vn 0.0638 0.3713 -0.9263
vn -0.0125 0.8929 -0.4500
vn -0.0025 0.6611 0.7503
vn 0.0773 -0.9916 0.1032
vn 0.0954 -0.6386 -0.7636
vn -0.2996 -0.5700 -0.7651
vn -0.4183 -0.8923 0.1698
vn -0.4397 0.5916 0.6757
vn -0.3011 0.8946 -0.3301
vn -0.3366 0.3584 -0.8707
vn -0.3863 -0.2801 0.8788
vn 0.0064 -0.5814 -0.8136
vn 0.0163 -0.9887 0.1493
vn -0.1606 0.6238 0.7649
vn -0.2318 0.8539 -0.4659
vn -0.1489 0.3895 -0.9089
vn -0.0232 -0.3628 0.9316
vn -0.2059 -0.7785 -0.5929
vn -0.0477 -0.9743 0.2200
vn 0.0661 0.5955 0.8006
vn -0.0832 0.9678 -0.2375
vn -0.2840 0.2014 -0.9374
vn 0.0796 -0.3759 0.9232
vn -0.1154 -0.1306 0.9847
vn -0.2215 -0.1802 -0.9584
vn -0.8306 -0.2619 0.4914
vn -0.9334 0.1477 0.3270
vn -0.3352 -0.1716 -0.9264
vn -0.2929 0.0289 -0.9557
vn -0.7678 -0.2609 -0.5852
vn -0.8996 0.1366 -0.4149
vn -0.4093 -0.1874 0.8930
vn -0.1815 0.0969 0.9786
vn -0.2544 -0.8612 -0.4399
vn -0.2665 -0.9283 0.2591
vn -0.1192 -0.6094 0.7839
vn -0.3189 0.1642 -0.9335
vn -0.8386 0.0844 -0.5381
vn -0.0756 -0.0020 0.9971
vn 0.0190 -0.7741 -0.6328
vn -0.2098 -0.1954 -0.9580
vn -0.2215 -0.8200 -0.5278
vn -0.3609 0.6517 0.6671
vn -0.1205 -0.0624 -0.9908
vn -0.1859 0.9489 -0.2552
vn -0.6819 0.7200 -0.1287
vn -0.9524 -0.1228 0.2791
vn 0.9332 0.0371 -0.3573
vn 0.2142 0.9730 -0.0860
vn 0.7208 0.0802 0.6885
vn -0.3119 0.0272 0.9497
vn -0.3788 0.0096 -0.9254
vn -0.2015 -0.0213 0.9793
vn 0.0057 0.1346 -0.9909
vn -0.7993 -0.0129 0.6008
vn 0.9564 0.0923 -0.2770
vn 0.8090 -0.0077 0.5877
vn 0.8079 0.0343 0.5884
vn 0.9566 0.0521 -0.2867
vn -0.9327 -0.0092 0.3606
vn 0.0509 0.0618 -0.9968
vn -0.2028 0.0007 0.9792
vn -0.8240 0.0486 -0.5645
vn -0.7952 0.1573 -0.5856
vn -0.1416 0.0301 0.9895
vn -0.0307 0.1680 -0.9853
vn -0.7384 0.0917 0.6681
vn 0.9546 0.1084 -0.2774
vn 0.7839 0.0285 0.6203
vn -0.7673 0.1295 -0.6281
vn -0.0858 -0.0398 -0.9955
vn -0.0626 0.3262 -0.9432
vn -0.1439 0.1688 -0.9751
vn -0.8547 -0.0972 -0.5100
vn 0.1910 0.8707 0.4532
vn -0.2006 -0.0206 0.9795
vn -0.3694 0.9261 0.0765
vn 0.0186 -0.9430 0.3324
vn -0.2646 -0.7493 -0.6071
vn 0.0626 0.5303 -0.8455
vn -0.3388 -0.1497 0.9289
vn 0.0653 -0.3037 0.9505
vn -0.4855 0.2818 -0.8276
vn -0.1821 0.2886 0.9400
vn -0.5542 0.8322 -0.0166
vn -0.0856 -0.9955 0.0399
vn 0.0272 -0.3338 -0.9422
vn -0.0930 0.9883 -0.1210
vn -0.2732 0.5033 0.8198
vn -0.1853 0.6669 0.7217
vn 0.1099 0.9898 -0.0906
vn -0.0041 -0.6971 -0.7169
vn -0.2241 -0.8723 0.4347
vn -0.2819 -0.4352 0.8551
vn 0.2403 0.3519 -0.9047
vn -0.1390 0.7895 0.5979
vn 0.0873 0.9891 -0.1184
vn -0.0027 -0.7024 -0.7118
vn -0.3500 -0.8692 0.3493
vn -0.3086 -0.4170 0.8549
vn 0.3048 0.3227 -0.8961
vn 0.0512 0.3646 -0.9298
vn 0.0637 -0.3733 0.9255
vn -0.0125 -0.8911 0.4536
vn -0.0025 -0.6594 -0.7518
vn 0.0772 0.9917 -0.1032
vn 0.0955 0.6403 0.7621
vn -0.2997 0.5708 0.7644
vn -0.4185 0.8920 -0.1709
vn -0.4384 -0.5901 -0.6780
vn -0.3012 -0.8942 0.3312
vn -0.3370 -0.3590 0.8704
vn -0.3867 0.2803 -0.8786
vn 0.0054 0.5807 0.8141
vn 0.0151 0.9887 -0.1494
vn -0.1604 -0.6216 -0.7668
vn -0.2305 -0.8517 0.4706
vn -0.1491 -0.3922 0.9077
vn -0.0237 0.3631 -0.9314
vn -0.2055 0.7809 0.5899
vn -0.0474 0.9743 -0.2203
vn 0.0658 -0.5955 -0.8006
vn -0.0827 -0.9675 0.2389
vn -0.2842 -0.2004 0.9376
vn 0.0794 0.3751 -0.9236
vn 0.1154 -0.1306 0.9847
vn 0.2215 -0.1802 -0.9584
vn 0.8306 -0.2619 0.4914
vn 0.9334 0.1477 0.3270
vn 0.3352 -0.1716 -0.9264
vn 0.2929 0.0289 -0.9557
vn 0.7678 -0.2609 -0.5852
vn 0.8996 0.1366 -0.4149
vn 0.4093 -0.1874 0.8930
vn 0.1815 0.0969 0.9786
vn 0.2544 -0.8612 -0.4399
vn 0.2665 -0.9283 0.2591
vn 0.1192 -0.6094 0.7839
vn 0.3189 0.1642 -0.9335
vn 0.8386 0.0844 -0.5381
vn 0.0756 -0.0020 0.9971
vn -0.0190 -0.7741 -0.6328
vn 0.2098 -0.1954 -0.9580
vn 0.2215 -0.8200 -0.5278
vn 0.3609 0.6517 0.6671
vn 0.1205 -0.0624 -0.9908
vn 0.1859 0.9489 -0.2552
vn 0.6819 0.7200 -0.1287
vn 0.9524 -0.1228 0.2791
vn -0.9332 0.0371 -0.3573
vn -0.2142 0.9730 -0.0860
vn -0.7208 0.0802 0.6885
vn 0.3119 0.0272 0.9497
vn 0.3788 0.0096 -0.9254
vn 0.2015 -0.0213 0.9793
vn -0.0057 0.1346 -0.9909
vn 0.7993 -0.0129 0.6008
vn -0.9564 0.0923 -0.2770
vn -0.8090 -0.0077 0.5877
vn -0.8079 0.0343 0.5884
vn -0.9566 0.0521 -0.2867
vn 0.9327 -0.0092 0.3606
vn -0.0509 0.0618 -0.9968
vn 0.2028 0.0007 0.9792
vn 0.8240 0.0486 -0.5645
vn 0.7952 0.1573 -0.5856
vn 0.1416 0.0301 0.9895
vn 0.0307 0.1680 -0.9853
vn 0.7384 0.0917 0.6681
vn -0.9546 0.1084 -0.2774
vn -0.7839 0.0285 0.6203
vn 0.7673 0.1295 -0.6281
vn 0.0858 -0.0398 -0.9955
vn 0.0626 0.3262 -0.9432
vn 0.1439 0.1688 -0.9751
vn 0.8547 -0.0972 -0.5100
vn -0.1910 0.8707 0.4532
vn 0.2006 -0.0206 0.9795
vn 0.3694 0.9261 0.0765
vn -0.0186 -0.9430 0.3324
vn 0.2646 -0.7493 -0.6071
vn -0.0626 0.5303 -0.8455
vn 0.3388 -0.1497 0.9289
vn -0.0653 -0.3037 0.9505
vn 0.4855 0.2818 -0.8276
vn 0.1821 0.2886 0.9400
vn 0.5542 0.8322 -0.0166
vn 0.0856 -0.9955 0.0399
vn -0.0272 -0.3338 -0.9422
vn 0.0930 0.9883 -0.1210
vn 0.2732 0.5033 0.8198
vn 0.1853 0.6669 0.7217
vn -0.1099 0.9898 -0.0906
vn 0.0041 -0.6971 -0.7169
vn 0.2240 -0.8723 0.4347
vn 0.2819 -0.4352 0.8551
vn -0.2403 0.3519 -0.9047
vn 0.1390 0.7895 0.5979
vn -0.0873 0.9891 -0.1184
vn 0.0027 -0.7024 -0.7118
vn 0.3500 -0.8692 0.3493
vn 0.3086 -0.4170 0.8549
vn -0.3048 0.3227 -0.8961
vn -0.0512 0.3646 -0.9298
vn -0.0637 -0.3733 0.9255
vn 0.0125 -0.8911 0.4536
vn 0.0025 -0.6594 -0.7518
vn -0.0772 0.9917 -0.1032
vn -0.0955 0.6403 0.7621
vn 0.2997 0.5708 0.7644
vn 0.4185 0.8920 -0.1709
vn 0.4384 -0.5901 -0.6780
vn 0.3012 -0.8942 0.3312
vn 0.3370 -0.3590 0.8704
vn 0.3867 0.2803 -0.8786
vn -0.0054 0.5807 0.8141
vn -0.0151 0.9887 -0.1494
vn 0.1604 -0.6216 -0.7668
vn 0.2305 -0.8517 0.4706
vn 0.1491 -0.3922 0.9077
vn 0.0237 0.3631 -0.9314
vn 0.2055 0.7809 0.5899
vn 0.0474 0.9743 -0.2203
vn -0.0658 -0.5955 -0.8006
vn 0.0827 -0.9675 0.2389
vn 0.2842 -0.2004 0.9376
vn -0.0794 0.3751 -0.9236
vn -0.9979 -0.0053 -0.0642
vn -0.9979 -0.0011 -0.0641
vn -0.9041 0.3328 0.2681
vn -0.9332 0.1623 0.3206
vn -0.1592 0.7080 0.6881
vn -0.9145 0.3888 -0.1121
vn -0.9209 0.3897 -0.0106
vn -0.1663 -0.9796 -0.1125
vn -0.0758 -0.9959 0.0501
vn -0.0468 -0.9762 -0.2115
vn -0.1432 -0.9896 0.0148
vn 0.1237 -0.9881 -0.0919
vn 0.0714 -0.9974 0.0121
vn 0.9622 -0.1790 0.2055
vn 0.9212 -0.0327 0.3876
vn 0.9802 0.1536 0.1248
vn 0.9585 0.1447 0.2457
vn 0.9266 0.0371 0.3743
vn 0.9993 -0.0291 0.0230
vn 0.9979 -0.0053 -0.0642
vn 0.9979 -0.0011 -0.0641
vn 0.9041 0.3328 0.2681
vn 0.9332 0.1623 0.3206
vn 0.1592 0.7080 0.6881
vn 0.9145 0.3888 -0.1121
vn 0.9209 0.3897 -0.0106
vn 0.1663 -0.9796 -0.1125
vn 0.0758 -0.9959 0.0501
vn 0.0468 -0.9762 -0.2115
vn 0.1432 -0.9896 0.0148
vn -0.1237 -0.9881 -0.0919
vn -0.0714 -0.9974 0.0121
vn -0.9622 -0.1790 0.2055
vn -0.9212 -0.0327 0.3876
vn -0.9802 0.1536 0.1248
vn -0.9585 0.1447 0.2457
vn -0.9266 0.0371 0.3743
vn -0.9993 -0.0291 0.0230
vt 0.583333 0.375000
vt 0.750000 0.500000
vt 0.416667 0.333333
vt 0.583333 0.500000
vt 0.583333 0.625000
vt 0.625000 0.750000
vt 0.583333 0.750000
vt 0.375000 0.500000
vt 0.458333 0.500000
vt 0.458333 0.625000
vt 0.375000 0.625000
vt 0.541667 0.500000
vt 0.541667 0.625000
vt 0.375000 0.750000
vt 0.458333 0.750000
vt 0.458333 0.875000
vt 0.375000 0.875000
vt 0.541667 0.750000
vt 0.541667 0.875000
vt 0.375000 0.375000
vt 0.458333 0.375000
vt 0.541667 0.375000
vt 0.312500 0.312500
vt 0.697670 0.625000
vt 0.720817 0.650892
vt 0.723399 0.596220
vt 0.750000 0.566465
vt 0.650147 0.766090
vt 0.583333 0.875000
vt 0.375000 0.506126
vt 0.375000 0.504857
vt 0.375000 0.505954
vt 0.375000 0.507509
vt 0.375000 0.743859
vt 0.375000 0.745131
vt 0.375000 0.744018
vt 0.375000 0.742455
vt 0.375000 0.621970
vt 0.375000 0.622597
vt 0.375000 0.627963
vt 0.375000 0.627350
vt 0.375000 0.749058
vt 0.375000 0.624622
vt 0.375000 0.500765
vt 0.375000 0.500937
vt 0.375000 0.749233
vt 0.375000 0.625370
vt 0.000000 0.000000
vt 0.625000 0.625000
vt 0.583333 0.625000
vt 0.625000 0.500000
vt 0.541667 0.500000
vt 0.583333 0.500000
vt 0.583333 0.500000
vt 0.541667 0.500000
vt 0.541667 0.625000
vt 0.583333 0.500000
vt 0.625000 0.625000
vt 0.541667 0.500000
s 0
g Clothing_Material.002
usemtl Material.002
f 991/263/928 971/264/928 969/265/928 989/266/928
f 992/267/929 967/268/929 990/269/929
f 968/270/930 976/271/930 984/272/930 973/273/930
f 976/271/931 975/274/931 983/275/931 984/272/931
f 966/276/932 978/277/932 980/278/932 972/279/932
f 978/277/933 977/280/933 979/281/933 980/278/933
f 973/273/934 984/272/934 978/277/934 966/276/934
f 984/272/935 983/275/935 977/280/935 978/277/935
f 970/282/936 982/283/936 976/271/936 968/270/936
f 982/283/937 981/284/937 975/274/937 976/271/937
f 974/285/938 986/286/938 985/287/938 967/268/938
f 969/265/939 988/288/939 986/286/939 974/285/939
f 988/288/940 969/265/940 971/264/940 987/289/940
f 977/280/941 990/269/941 979/281/941
f 983/275/942 992/267/942 990/269/942 977/280/942
f 981/284/943 991/263/943 989/266/943 975/274/943
f 967/268/944 985/287/944 993/290/944
f 993/290/945 979/291/945 990/269/945 967/268/945
f 967/268/946 992/267/946 974/285/946
f 999/273/947 1025/270/947 997/282/947 996/270/947 998/273/947
f 966/276/948 1032/279/948 1027/279/948 1026/276/948
f 970/282/949 968/270/949 1031/282/949
f 994/279/950 1024/276/950 999/273/950 998/273/950 995/276/950
f 968/270/951 1030/273/951 1002/273/951 1001/270/951
f 995/276/952 998/273/952 1005/273/952 1003/276/952
f 973/273/953 966/276/953 1030/273/953
f 998/273/954 996/270/954 1004/270/954 1005/273/954
f 996/270/955 968/270/955 1001/270/955 1004/270/955
f 966/276/956 1026/276/956 995/276/956 1029/276/956
f 1008/292/957 1016/293/957 1012/294/957 1010/295/957
f 1007/296/958 1015/297/958 1017/298/958 1009/299/958
f 1011/300/959 1013/301/959 1016/293/959 1008/292/959
f 1006/302/960 1014/303/960 1015/297/960 1007/296/960
f 1010/295/961 1012/294/961 1014/303/961 1006/302/961
f 1005/273/962 1004/270/962 1010/295/962 1006/302/962
f 1003/276/963 1005/273/963 1006/302/963 1007/296/963
f 1001/270/964 1002/273/964 1011/300/964 1008/292/964
f 1000/276/965 1003/276/965 1007/296/965 1009/299/965
f 1004/270/966 1001/270/966 1008/292/966 1010/295/966
f 1002/273/967 1000/276/967 1009/299/967 1011/300/967
f 1013/301/968 1017/298/968 1023/304/968 1019/305/968
f 1012/294/969 1016/293/969 1022/306/969 1018/307/969
f 1017/298/970 1015/297/970 1021/308/970 1023/304/970
f 1016/293/971 1013/301/971 1019/305/971 1022/306/971
f 1015/297/972 1014/303/972 1020/309/972 1021/308/972
f 1014/303/973 1012/294/973 1018/307/973 1020/309/973
f 1009/299/974 1017/298/974 1013/301/974 1011/300/974
f 1026/276/975 1027/279/975 1028/279/975 995/276/975
f 995/276/976 1028/279/976 994/279/976
f 1029/276/977 995/276/977 1003/276/977 1000/276/977
f 1030/273/978 966/276/978 1029/276/978 1000/276/978 1002/273/978
f 1030/273/979 968/270/979 973/273/979
f 1031/282/980 968/270/980 996/270/980 997/282/980
f 1032/279/981 966/276/981 972/279/981
f 969/265/982 974/285/982 1034/310/982 1033/310/982
f 974/285/983 992/267/983 1037/267/983 1034/311/983
f 1080/312/984 1076/275/984 1044/275/984 1043/267/984
f 1079/266/985 1075/313/985 1039/313/985 1041/266/985
f 989/266/986 969/265/986 1033/313/986 1035/266/986
f 992/267/987 983/275/987 1038/275/987 1037/267/987
f 975/274/988 989/266/988 1035/266/988 1036/274/988
f 983/275/989 975/274/989 1036/274/989 1038/275/989
f 1075/310/990 1077/310/990 1040/310/990 1039/310/990
f 1077/311/991 1080/312/991 1043/267/991 1040/311/991
f 1076/275/992 1078/314/992 1042/274/992 1044/275/992
f 1078/314/993 1079/266/993 1041/266/993 1042/274/993
f 1062/274/994 1057/315/994 1046/316/994 1050/274/994
f 1060/275/995 1062/274/995 1050/274/995 1047/275/995
f 1061/311/996 1058/312/996 1048/267/996 1049/311/996
f 1059/310/997 1061/310/997 1049/310/997 1045/310/997
f 1057/315/998 1059/313/998 1045/313/998 1046/316/998
f 1058/312/999 1060/275/999 1047/275/999 1048/267/999
f 1050/274/1000 1046/316/1000 1055/315/1000 1054/317/1000
f 1047/275/1001 1050/274/1001 1054/317/1001 1052/318/1001
f 1049/311/1002 1048/267/1002 1056/267/1002 1053/311/1002
f 1045/310/1003 1049/310/1003 1053/310/1003 1051/310/1003
f 1046/316/1004 1045/313/1004 1051/313/1004 1055/315/1004
f 1048/267/1005 1047/275/1005 1052/318/1005 1056/267/1005
f 1074/312/1006 1070/275/1006 1060/275/1006 1058/312/1006
f 1073/319/1007 1069/313/1007 1059/313/1007 1057/315/1007
f 1069/310/1008 1071/310/1008 1061/310/1008 1059/310/1008
f 1071/320/1009 1074/312/1009 1058/312/1009 1061/311/1009
f 1070/275/1010 1072/274/1010 1062/274/1010 1060/275/1010
f 1072/274/1011 1073/319/1011 1057/315/1011 1062/274/1011
f 1036/274/1012 1035/266/1012 1063/316/1012 1068/321/1012
f 1038/275/1013 1036/274/1013 1068/321/1013 1066/275/1013
f 1034/311/1014 1037/267/1014 1064/312/1014 1067/311/1014
f 1033/310/1015 1034/310/1015 1067/310/1015 1065/310/1015
f 1035/266/1016 1033/313/1016 1065/313/1016 1063/316/1016
f 1037/267/1017 1038/275/1017 1066/275/1017 1064/312/1017
f 1068/321/1018 1063/316/1018 1073/319/1018 1072/274/1018
f 1066/275/1019 1068/321/1019 1072/274/1019 1070/275/1019
f 1067/311/1020 1064/312/1020 1074/312/1020 1071/320/1020
f 1065/310/1021 1067/310/1021 1071/310/1021 1069/310/1021
f 1063/316/1022 1065/313/1022 1069/313/1022 1073/319/1022
f 1064/312/1023 1066/275/1023 1070/275/1023 1074/312/1023
f 1054/317/1024 1055/315/1024 1079/266/1024 1078/314/1024
f 1052/318/1025 1054/317/1025 1078/314/1025 1076/275/1025
f 1053/311/1026 1056/267/1026 1080/312/1026 1077/311/1026
f 1051/310/1027 1053/310/1027 1077/310/1027 1075/310/1027
f 1055/315/1028 1051/313/1028 1075/313/1028 1079/266/1028
f 1056/267/1029 1052/318/1029 1076/275/1029 1080/312/1029
f 991/263/1030 1097/266/1030 1084/265/1030 971/264/1030
f 1099/267/1031 1098/269/1031 1082/268/1031
f 1083/270/1032 1085/273/1032 1093/272/1032 1088/271/1032
f 1088/271/1033 1093/272/1033 1092/275/1033 1087/274/1033
f 1081/276/1034 972/279/1034 980/278/1034 1090/277/1034
f 1090/277/1035 980/278/1035 979/281/1035 1089/280/1035
f 1085/273/1036 1081/276/1036 1090/277/1036 1093/272/1036
f 1093/272/1037 1090/277/1037 1089/280/1037 1092/275/1037
f 970/282/1038 1083/270/1038 1088/271/1038 982/283/1038
f 982/283/1039 1088/271/1039 1087/274/1039 1091/284/1039
f 1086/285/1040 1082/268/1040 1094/287/1040 1095/286/1040
f 1084/265/1041 1086/285/1041 1095/286/1041 1096/288/1041
f 1096/288/1042 987/289/1042 971/264/1042 1084/265/1042
f 1089/280/1043 979/281/1043 1098/269/1043
f 1092/275/1044 1089/280/1044 1098/269/1044 1099/267/1044
f 1091/284/1045 1087/274/1045 1097/266/1045 991/263/1045
f 1082/268/1046 1100/290/1046 1094/287/1046
f 1100/290/1047 1082/268/1047 1098/269/1047 979/291/1047
f 1082/268/1048 1086/285/1048 1099/267/1048
f 999/273/1049 1103/273/1049 1102/270/1049 997/282/1049 1025/270/1049
f 1081/276/1050 1128/276/1050 1027/279/1050 1032/279/1050
f 970/282/1051 1031/282/1051 1083/270/1051
f 994/279/1052 1101/276/1052 1103/273/1052 999/273/1052 1024/276/1052
f 1083/270/1053 1105/270/1053 1106/273/1053 1130/273/1053
f 1101/276/1054 1107/276/1054 1109/273/1054 1103/273/1054
f 1085/273/1055 1130/273/1055 1081/276/1055
f 1103/273/1056 1109/273/1056 1108/270/1056 1102/270/1056
f 1102/270/1057 1108/270/1057 1105/270/1057 1083/270/1057
f 1081/276/1058 1129/276/1058 1101/276/1058 1128/276/1058
f 1112/292/1059 1114/295/1059 1116/294/1059 1120/293/1059
f 1111/296/1060 1113/299/1060 1121/298/1060 1119/297/1060
f 1115/300/1061 1112/292/1061 1120/293/1061 1117/301/1061
f 1110/302/1062 1111/296/1062 1119/297/1062 1118/303/1062
f 1114/295/1063 1110/302/1063 1118/303/1063 1116/294/1063
f 1109/273/1064 1110/302/1064 1114/295/1064 1108/270/1064
f 1107/276/1065 1111/296/1065 1110/302/1065 1109/273/1065
f 1105/270/1066 1112/292/1066 1115/300/1066 1106/273/1066
f 1104/276/1067 1113/299/1067 1111/296/1067 1107/276/1067
f 1108/270/1068 1114/295/1068 1112/292/1068 1105/270/1068
f 1106/273/1069 1115/300/1069 1113/299/1069 1104/276/1069
f 1117/301/1070 1123/305/1070 1127/304/1070 1121/298/1070
f 1116/294/1071 1122/307/1071 1126/306/1071 1120/293/1071
f 1121/298/1072 1127/304/1072 1125/308/1072 1119/297/1072
f 1120/293/1073 1126/306/1073 1123/305/1073 1117/301/1073
f 1119/297/1074 1125/308/1074 1124/309/1074 1118/303/1074
f 1118/303/1075 1124/309/1075 1122/307/1075 1116/294/1075
f 1113/299/1076 1115/300/1076 1117/301/1076 1121/298/1076
f 1128/276/1077 1101/276/1077 1028/279/1077 1027/279/1077
f 1101/276/1078 994/279/1078 1028/279/1078
f 1129/276/1079 1104/276/1079 1107/276/1079 1101/276/1079
f 1130/273/1080 1106/273/1080 1104/276/1080 1129/276/1080 1081/276/1080
f 1130/273/1081 1085/273/1081 1083/270/1081
f 1031/282/1082 997/282/1082 1102/270/1082 1083/270/1082
f 1032/279/1083 972/279/1083 1081/276/1083
f 1084/265/1084 1131/310/1084 1132/310/1084 1086/285/1084
f 1086/285/1085 1132/311/1085 1135/267/1085 1099/267/1085
f 1178/312/1086 1141/267/1086 1142/275/1086 1174/275/1086
f 1177/266/1087 1139/266/1087 1137/313/1087 1173/313/1087
f 1097/266/1088 1133/266/1088 1131/313/1088 1084/265/1088
f 1099/267/1089 1135/267/1089 1136/275/1089 1092/275/1089
f 1087/274/1090 1134/274/1090 1133/266/1090 1097/266/1090
f 1092/275/1091 1136/275/1091 1134/274/1091 1087/274/1091
f 1173/310/1092 1137/310/1092 1138/310/1092 1175/310/1092
f 1175/311/1093 1138/311/1093 1141/267/1093 1178/312/1093
f 1174/275/1094 1142/275/1094 1140/274/1094 1176/314/1094
f 1176/314/1095 1140/274/1095 1139/266/1095 1177/266/1095
f 1160/274/1096 1148/274/1096 1144/316/1096 1155/315/1096
f 1158/275/1097 1145/275/1097 1148/274/1097 1160/274/1097
f 1159/311/1098 1147/311/1098 1146/267/1098 1156/312/1098
f 1157/310/1099 1143/310/1099 1147/310/1099 1159/310/1099
f 1155/315/1100 1144/316/1100 1143/313/1100 1157/313/1100
f 1156/312/1101 1146/267/1101 1145/275/1101 1158/275/1101
f 1148/274/1102 1152/317/1102 1153/315/1102 1144/316/1102
f 1145/275/1103 1150/318/1103 1152/317/1103 1148/274/1103
f 1147/311/1104 1151/311/1104 1154/267/1104 1146/267/1104
f 1143/310/1105 1149/310/1105 1151/310/1105 1147/310/1105
f 1144/316/1106 1153/315/1106 1149/313/1106 1143/313/1106
f 1146/267/1107 1154/267/1107 1150/318/1107 1145/275/1107
f 1172/312/1108 1156/312/1108 1158/275/1108 1168/275/1108
f 1171/319/1109 1155/315/1109 1157/313/1109 1167/313/1109
f 1167/310/1110 1157/310/1110 1159/310/1110 1169/310/1110
f 1169/320/1111 1159/311/1111 1156/312/1111 1172/312/1111
f 1168/275/1112 1158/275/1112 1160/274/1112 1170/274/1112
f 1170/274/1113 1160/274/1113 1155/315/1113 1171/319/1113
f 1134/274/1114 1166/321/1114 1161/316/1114 1133/266/1114
f 1136/275/1115 1164/275/1115 1166/321/1115 1134/274/1115
f 1132/311/1116 1165/311/1116 1162/312/1116 1135/267/1116
f 1131/310/1117 1163/310/1117 1165/310/1117 1132/310/1117
f 1133/266/1118 1161/316/1118 1163/313/1118 1131/313/1118
f 1135/267/1119 1162/312/1119 1164/275/1119 1136/275/1119
f 1166/321/1120 1170/274/1120 1171/319/1120 1161/316/1120
f 1164/275/1121 1168/275/1121 1170/274/1121 1166/321/1121
f 1165/311/1122 1169/320/1122 1172/312/1122 1162/312/1122
f 1163/310/1123 1167/310/1123 1169/310/1123 1165/310/1123
f 1161/316/1124 1171/319/1124 1167/313/1124 1163/313/1124
f 1162/312/1125 1172/312/1125 1168/275/1125 1164/275/1125
f 1152/317/1126 1176/314/1126 1177/266/1126 1153/315/1126
f 1150/318/1127 1174/275/1127 1176/314/1127 1152/317/1127
f 1151/311/1128 1175/311/1128 1178/312/1128 1154/267/1128
f 1149/310/1129 1173/310/1129 1175/310/1129 1151/310/1129
f 1153/315/1130 1177/266/1130 1173/313/1130 1149/313/1130
f 1154/267/1131 1178/312/1131 1174/275/1131 1150/318/1131
f 1204/263/1132 1202/266/1132 1182/265/1132 1184/264/1132
f 1205/267/1133 1203/269/1133 1180/268/1133
f 1181/270/1134 1186/273/1134 1197/272/1134 1189/271/1134
f 1189/271/1135 1197/272/1135 1196/275/1135 1188/274/1135
f 1179/276/1136 1185/279/1136 1193/278/1136 1191/277/1136
f 1191/277/1137 1193/278/1137 1192/281/1137 1190/280/1137
f 1186/273/1138 1179/276/1138 1191/277/1138 1197/272/1138
f 1197/272/1139 1191/277/1139 1190/280/1139 1196/275/1139
f 1183/282/1140 1181/270/1140 1189/271/1140 1195/283/1140
f 1195/283/1141 1189/271/1141 1188/274/1141 1194/284/1141
f 1187/285/1142 1180/268/1142 1198/287/1142 1199/286/1142
f 1182/265/1143 1187/285/1143 1199/286/1143 1201/288/1143
f 1201/288/1144 1200/289/1144 1184/264/1144 1182/265/1144
f 1190/280/1145 1192/281/1145 1203/269/1145
f 1196/275/1146 1190/280/1146 1203/269/1146 1205/267/1146
f 1194/284/1147 1188/274/1147 1202/266/1147 1204/263/1147
f 1180/268/1148 1206/290/1148 1198/287/1148
f 1206/290/1149 1180/268/1149 1203/269/1149 1192/291/1149
f 1180/268/1150 1187/285/1150 1205/267/1150
f 1212/273/1151 1211/273/1151 1209/270/1151 1210/282/1151 1238/270/1151
f 1179/276/1152 1239/276/1152 1240/279/1152 1245/279/1152
f 1183/282/1153 1244/282/1153 1181/270/1153
f 1207/279/1154 1208/276/1154 1211/273/1154 1212/273/1154 1237/276/1154
f 1181/270/1155 1214/270/1155 1215/273/1155 1243/273/1155
f 1208/276/1156 1216/276/1156 1218/273/1156 1211/273/1156
f 1186/273/1157 1243/273/1157 1179/276/1157
f 1211/273/1158 1218/273/1158 1217/270/1158 1209/270/1158
f 1209/270/1159 1217/270/1159 1214/270/1159 1181/270/1159
f 1179/276/1160 1242/276/1160 1208/276/1160 1239/276/1160
f 1221/292/1161 1223/295/1161 1225/294/1161 1229/293/1161
f 1220/296/1162 1222/299/1162 1230/298/1162 1228/297/1162
f 1224/300/1163 1221/292/1163 1229/293/1163 1226/301/1163
f 1219/302/1164 1220/296/1164 1228/297/1164 1227/303/1164
f 1223/295/1165 1219/302/1165 1227/303/1165 1225/294/1165
f 1218/273/1166 1219/302/1166 1223/295/1166 1217/270/1166
f 1216/276/1167 1220/296/1167 1219/302/1167 1218/273/1167
f 1214/270/1168 1221/292/1168 1224/300/1168 1215/273/1168
f 1213/276/1169 1222/299/1169 1220/296/1169 1216/276/1169
f 1217/270/1170 1223/295/1170 1221/292/1170 1214/270/1170
f 1215/273/1171 1224/300/1171 1222/299/1171 1213/276/1171
f 1226/301/1172 1232/305/1172 1236/304/1172 1230/298/1172
f 1225/294/1173 1231/307/1173 1235/306/1173 1229/293/1173
f 1230/298/1174 1236/304/1174 1234/308/1174 1228/297/1174
f 1229/293/1175 1235/306/1175 1232/305/1175 1226/301/1175
f 1228/297/1176 1234/308/1176 1233/309/1176 1227/303/1176
f 1227/303/1177 1233/309/1177 1231/307/1177 1225/294/1177
f 1222/299/1178 1224/300/1178 1226/301/1178 1230/298/1178
f 1239/276/1179 1208/276/1179 1241/279/1179 1240/279/1179
f 1208/276/1180 1207/279/1180 1241/279/1180
f 1242/276/1181 1213/276/1181 1216/276/1181 1208/276/1181
f 1243/273/1182 1215/273/1182 1213/276/1182 1242/276/1182 1179/276/1182
f 1243/273/1183 1186/273/1183 1181/270/1183
f 1244/282/1184 1210/282/1184 1209/270/1184 1181/270/1184
f 1245/279/1185 1185/279/1185 1179/276/1185
f 1182/265/1186 1246/310/1186 1247/310/1186 1187/285/1186
f 1187/285/1187 1247/311/1187 1250/267/1187 1205/267/1187
f 1293/312/1188 1256/267/1188 1257/275/1188 1289/275/1188
f 1292/266/1189 1254/266/1189 1252/313/1189 1288/313/1189
f 1202/266/1190 1248/266/1190 1246/313/1190 1182/265/1190
f 1205/267/1191 1250/267/1191 1251/275/1191 1196/275/1191
f 1188/274/1192 1249/274/1192 1248/266/1192 1202/266/1192
f 1196/275/1193 1251/275/1193 1249/274/1193 1188/274/1193
f 1288/310/1194 1252/310/1194 1253/310/1194 1290/310/1194
f 1290/311/1195 1253/311/1195 1256/267/1195 1293/312/1195
f 1289/275/1196 1257/275/1196 1255/274/1196 1291/314/1196
f 1291/314/1197 1255/274/1197 1254/266/1197 1292/266/1197
f 1275/274/1198 1263/274/1198 1259/316/1198 1270/315/1198
f 1273/275/1199 1260/275/1199 1263/274/1199 1275/274/1199
f 1274/311/1200 1262/311/1200 1261/267/1200 1271/312/1200
f 1272/310/1201 1258/310/1201 1262/310/1201 1274/310/1201
f 1270/315/1202 1259/316/1202 1258/313/1202 1272/313/1202
f 1271/312/1203 1261/267/1203 1260/275/1203 1273/275/1203
f 1263/274/1204 1267/317/1204 1268/315/1204 1259/316/1204
f 1260/275/1205 1265/318/1205 1267/317/1205 1263/274/1205
f 1262/311/1206 1266/311/1206 1269/267/1206 1261/267/1206
f 1258/310/1207 1264/310/1207 1266/310/1207 1262/310/1207
f 1259/316/1208 1268/315/1208 1264/313/1208 1258/313/1208
f 1261/267/1209 1269/267/1209 1265/318/1209 1260/275/1209
f 1287/312/1210 1271/312/1210 1273/275/1210 1283/275/1210
f 1286/319/1211 1270/315/1211 1272/313/1211 1282/313/1211
f 1282/310/1212 1272/310/1212 1274/310/1212 1284/310/1212
f 1284/320/1213 1274/311/1213 1271/312/1213 1287/312/1213
f 1283/275/1214 1273/275/1214 1275/274/1214 1285/274/1214
f 1285/274/1215 1275/274/1215 1270/315/1215 1286/319/1215
f 1249/274/1216 1281/321/1216 1276/316/1216 1248/266/1216
f 1251/275/1217 1279/275/1217 1281/321/1217 1249/274/1217
f 1247/311/1218 1280/311/1218 1277/312/1218 1250/267/1218
f 1246/310/1219 1278/310/1219 1280/310/1219 1247/310/1219
f 1248/266/1220 1276/316/1220 1278/313/1220 1246/313/1220
f 1250/267/1221 1277/312/1221 1279/275/1221 1251/275/1221
f 1281/321/1222 1285/274/1222 1286/319/1222 1276/316/1222
f 1279/275/1223 1283/275/1223 1285/274/1223 1281/321/1223
f 1280/311/1224 1284/320/1224 1287/312/1224 1277/312/1224
f 1278/310/1225 1282/310/1225 1284/310/1225 1280/310/1225
f 1276/316/1226 1286/319/1226 1282/313/1226 1278/313/1226
f 1277/312/1227 1287/312/1227 1283/275/1227 1279/275/1227
f 1267/317/1228 1291/314/1228 1292/266/1228 1268/315/1228
f 1265/318/1229 1289/275/1229 1291/314/1229 1267/317/1229
f 1266/311/1230 1290/311/1230 1293/312/1230 1269/267/1230
f 1264/310/1231 1288/310/1231 1290/310/1231 1266/310/1231
f 1268/315/1232 1292/266/1232 1288/313/1232 1264/313/1232
f 1269/267/1233 1293/312/1233 1289/275/1233 1265/318/1233
f 1204/263/1234 1184/264/1234 1297/265/1234 1310/266/1234
f 1312/267/1235 1295/268/1235 1311/269/1235
f 1296/270/1236 1301/271/1236 1306/272/1236 1298/273/1236
f 1301/271/1237 1300/274/1237 1305/275/1237 1306/272/1237
f 1294/276/1238 1303/277/1238 1193/278/1238 1185/279/1238
f 1303/277/1239 1302/280/1239 1192/281/1239 1193/278/1239
f 1298/273/1240 1306/272/1240 1303/277/1240 1294/276/1240
f 1306/272/1241 1305/275/1241 1302/280/1241 1303/277/1241
f 1183/282/1242 1195/283/1242 1301/271/1242 1296/270/1242
f 1195/283/1243 1304/284/1243 1300/274/1243 1301/271/1243
f 1299/285/1244 1308/286/1244 1307/287/1244 1295/268/1244
f 1297/265/1245 1309/288/1245 1308/286/1245 1299/285/1245
f 1309/288/1246 1297/265/1246 1184/264/1246 1200/289/1246
f 1302/280/1247 1311/269/1247 1192/281/1247
f 1305/275/1248 1312/267/1248 1311/269/1248 1302/280/1248
f 1304/284/1249 1204/263/1249 1310/266/1249 1300/274/1249
f 1295/268/1250 1307/287/1250 1313/290/1250
f 1313/290/1251 1192/291/1251 1311/269/1251 1295/268/1251
f 1295/268/1252 1312/267/1252 1299/285/1252
f 1212/273/1253 1238/270/1253 1210/282/1253 1315/270/1253 1316/273/1253
f 1294/276/1254 1245/279/1254 1240/279/1254 1341/276/1254
f 1183/282/1255 1296/270/1255 1244/282/1255
f 1207/279/1256 1237/276/1256 1212/273/1256 1316/273/1256 1314/276/1256
f 1296/270/1257 1343/273/1257 1319/273/1257 1318/270/1257
f 1314/276/1258 1316/273/1258 1322/273/1258 1320/276/1258
f 1298/273/1259 1294/276/1259 1343/273/1259
f 1316/273/1260 1315/270/1260 1321/270/1260 1322/273/1260
f 1315/270/1261 1296/270/1261 1318/270/1261 1321/270/1261
f 1294/276/1262 1341/276/1262 1314/276/1262 1342/276/1262
f 1325/292/1263 1333/293/1263 1329/294/1263 1327/295/1263
f 1324/296/1264 1332/297/1264 1334/298/1264 1326/299/1264
f 1328/300/1265 1330/301/1265 1333/293/1265 1325/292/1265
f 1323/302/1266 1331/303/1266 1332/297/1266 1324/296/1266
f 1327/295/1267 1329/294/1267 1331/303/1267 1323/302/1267
f 1322/273/1268 1321/270/1268 1327/295/1268 1323/302/1268
f 1320/276/1269 1322/273/1269 1323/302/1269 1324/296/1269
f 1318/270/1270 1319/273/1270 1328/300/1270 1325/292/1270
f 1317/276/1271 1320/276/1271 1324/296/1271 1326/299/1271
f 1321/270/1272 1318/270/1272 1325/292/1272 1327/295/1272
f 1319/273/1273 1317/276/1273 1326/299/1273 1328/300/1273
f 1330/301/1274 1334/298/1274 1340/304/1274 1336/305/1274
f 1329/294/1275 1333/293/1275 1339/306/1275 1335/307/1275
f 1334/298/1276 1332/297/1276 1338/308/1276 1340/304/1276
f 1333/293/1277 1330/301/1277 1336/305/1277 1339/306/1277
f 1332/297/1278 1331/303/1278 1337/309/1278 1338/308/1278
f 1331/303/1279 1329/294/1279 1335/307/1279 1337/309/1279
f 1326/299/1280 1334/298/1280 1330/301/1280 1328/300/1280
f 1341/276/1281 1240/279/1281 1241/279/1281 1314/276/1281
f 1314/276/1282 1241/279/1282 1207/279/1282
f 1342/276/1283 1314/276/1283 1320/276/1283 1317/276/1283
f 1343/273/1284 1294/276/1284 1342/276/1284 1317/276/1284 1319/273/1284
f 1343/273/1285 1296/270/1285 1298/273/1285
f 1244/282/1286 1296/270/1286 1315/270/1286 1210/282/1286
f 1245/279/1287 1294/276/1287 1185/279/1287
f 1297/265/1288 1299/285/1288 1345/310/1288 1344/310/1288
f 1299/285/1289 1312/267/1289 1348/267/1289 1345/311/1289
f 1391/312/1290 1387/275/1290 1355/275/1290 1354/267/1290
f 1390/266/1291 1386/313/1291 1350/313/1291 1352/266/1291
f 1310/266/1292 1297/265/1292 1344/313/1292 1346/266/1292
f 1312/267/1293 1305/275/1293 1349/275/1293 1348/267/1293
f 1300/274/1294 1310/266/1294 1346/266/1294 1347/274/1294
f 1305/275/1295 1300/274/1295 1347/274/1295 1349/275/1295
f 1386/310/1296 1388/310/1296 1351/310/1296 1350/310/1296
f 1388/311/1297 1391/312/1297 1354/267/1297 1351/311/1297
f 1387/275/1298 1389/314/1298 1353/274/1298 1355/275/1298
f 1389/314/1299 1390/266/1299 1352/266/1299 1353/274/1299
f 1373/274/1300 1368/315/1300 1357/316/1300 1361/274/1300
f 1371/275/1301 1373/274/1301 1361/274/1301 1358/275/1301
f 1372/311/1302 1369/312/1302 1359/267/1302 1360/311/1302
f 1370/310/1303 1372/310/1303 1360/310/1303 1356/310/1303
f 1368/315/1304 1370/313/1304 1356/313/1304 1357/316/1304
f 1369/312/1305 1371/275/1305 1358/275/1305 1359/267/1305
f 1361/274/1306 1357/316/1306 1366/315/1306 1365/317/1306
f 1358/275/1307 1361/274/1307 1365/317/1307 1363/318/1307
f 1360/311/1308 1359/267/1308 1367/267/1308 1364/311/1308
f 1356/310/1309 1360/310/1309 1364/310/1309 1362/310/1309
f 1357/316/1310 1356/313/1310 1362/313/1310 1366/315/1310
f 1359/267/1311 1358/275/1311 1363/318/1311 1367/267/1311
f 1385/312/1312 1381/275/1312 1371/275/1312 1369/312/1312
f 1384/319/1313 1380/313/1313 1370/313/1313 1368/315/1313
f 1380/310/1314 1382/310/1314 1372/310/1314 1370/310/1314
f 1382/320/1315 1385/312/1315 1369/312/1315 1372/311/1315
f 1381/275/1316 1383/274/1316 1373/274/1316 1371/275/1316
f 1383/274/1317 1384/319/1317 1368/315/1317 1373/274/1317
f 1347/274/1318 1346/266/1318 1374/316/1318 1379/321/1318
f 1349/275/1319 1347/274/1319 1379/321/1319 1377/275/1319
f 1345/311/1320 1348/267/1320 1375/312/1320 1378/311/1320
f 1344/310/1321 1345/310/1321 1378/310/1321 1376/310/1321
f 1346/266/1322 1344/313/1322 1376/313/1322 1374/316/1322
f 1348/267/1323 1349/275/1323 1377/275/1323 1375/312/1323
f 1379/321/1324 1374/316/1324 1384/319/1324 1383/274/1324
f 1377/275/1325 1379/321/1325 1383/274/1325 1381/275/1325
f 1378/311/1326 1375/312/1326 1385/312/1326 1382/320/1326
f 1376/310/1327 1378/310/1327 1382/310/1327 1380/310/1327
f 1374/316/1328 1376/313/1328 1380/313/1328 1384/319/1328
f 1375/312/1329 1377/275/1329 1381/275/1329 1385/312/1329
f 1365/317/1330 1366/315/1330 1390/266/1330 1389/314/1330
f 1363/318/1331 1365/317/1331 1389/314/1331 1387/275/1331
f 1364/311/1332 1367/267/1332 1391/312/1332 1388/311/1332
f 1362/310/1333 1364/310/1333 1388/310/1333 1386/310/1333
f 1366/315/1334 1362/313/1334 1386/313/1334 1390/266/1334
f 1367/267/1335 1363/318/1335 1387/275/1335 1391/312/1335
f 991/263/1336 981/284/1336 1194/284/1336 1204/263/1336
f 981/284/1337 982/283/1337 1195/283/1337 1194/284/1337
f 986/286/1338 988/288/1338 1201/288/1338 1199/286/1338
f 985/287/1339 986/286/1339 1199/286/1339 1198/287/1339
f 988/288/1340 987/289/1340 1200/289/1340 1201/288/1340
f 993/290/1341 985/287/1341 1198/287/1341 1206/290/1341
f 979/291/1342 993/290/1342 1206/290/1342 1192/291/1342
f 1019/305/1343 1023/304/1343 1236/304/1343 1232/305/1343
f 1018/307/1344 1022/306/1344 1235/306/1344 1231/307/1344
f 1023/304/1345 1021/308/1345 1234/308/1345 1236/304/1345
f 1022/306/1346 1019/305/1346 1232/305/1346 1235/306/1346
f 1021/308/1347 1020/309/1347 1233/309/1347 1234/308/1347
f 1020/309/1348 1018/307/1348 1231/307/1348 1233/309/1348
f 1039/310/1349 1040/310/1349 1253/310/1349 1252/310/1349
f 1042/274/1350 1041/266/1350 1254/266/1350 1255/274/1350
f 1043/267/1351 1044/275/1351 1257/275/1351 1256/267/1351
f 1044/275/1352 1042/274/1352 1255/274/1352 1257/275/1352
f 1041/266/1353 1039/313/1353 1252/313/1353 1254/266/1353
f 1040/311/1354 1043/267/1354 1256/267/1354 1253/311/1354
f 1091/284/1355 991/263/1355 1204/263/1355 1304/284/1355
f 982/283/1356 1091/284/1356 1304/284/1356 1195/283/1356
f 1096/288/1357 1095/286/1357 1308/286/1357 1309/288/1357
f 1095/286/1358 1094/287/1358 1307/287/1358 1308/286/1358
f 987/289/1359 1096/288/1359 1309/288/1359 1200/289/1359
f 1094/287/1360 1100/290/1360 1313/290/1360 1307/287/1360
f 1100/290/1361 979/291/1361 1192/291/1361 1313/290/1361
f 1127/304/1362 1123/305/1362 1336/305/1362 1340/304/1362
f 1126/306/1363 1122/307/1363 1335/307/1363 1339/306/1363
f 1125/308/1364 1127/304/1364 1340/304/1364 1338/308/1364
f 1123/305/1365 1126/306/1365 1339/306/1365 1336/305/1365
f 1124/309/1366 1125/308/1366 1338/308/1366 1337/309/1366
f 1122/307/1367 1124/309/1367 1337/309/1367 1335/307/1367
f 1138/310/1368 1137/310/1368 1350/310/1368 1351/310/1368
f 1139/266/1369 1140/274/1369 1353/274/1369 1352/266/1369
f 1142/275/1370 1141/267/1370 1354/267/1370 1355/275/1370
f 1140/274/1371 1142/275/1371 1355/275/1371 1353/274/1371
f 1137/313/1372 1139/266/1372 1352/266/1372 1350/313/1372
f 1141/267/1373 1138/311/1373 1351/311/1373 1354/267/1373
